Date de demande de service,Mois et année ,Exercice financier du gouvernement du Canada (EF),Année civile,Province/territoire du concessionnaire,Code postal du concessionnaire,Achat ou location,Année-modèle,Marque du véhicule,Modèle du véhicule,Marque du véhicule et modèle,"Batterie, hybride rechargeable ou à hydrogène (VÉ, VHR ou VÉPC)",Classe de véhicule,Type de véhicule,Montant d'incitatif admissible (en dollars),Province/territoire du bénéficiaire ,Pays 
2022-10-03,Octobre 2022,2022-2023,2022,Ontario,L6J 2X7,Location,2022,Ford,E-Transit,Ford E-Transit,VÉ ,Classe 2B,Fourgon,10 000,Ontario,Canada
2022-10-03,Octobre 2022,2022-2023,2022,Ontario,N0M 2S0,Achat,2022,Ford,E-Transit,Ford E-Transit,VÉ ,Classe 2B,Fourgon,10 000,Ontario,Canada
2022-10-03,Octobre 2022,2022-2023,2022,Ontario,K2B 6R7,Achat,2022,Ford,E-Transit,Ford E-Transit,VÉ ,Classe 2B,Fourgon,10 000,Ontario,Canada
2022-10-03,Octobre 2022,2022-2023,2022,Québec ,G6V 6C7,Achat,2022,Ford,E-Transit,Ford E-Transit,VÉ ,Classe 2B,Fourgon,10 000,Québec ,Canada
2022-10-03,Octobre 2022,2022-2023,2022,Colombie-Britannique ,V2P 2N1,Achat,2022,Ford,E-Transit,Ford E-Transit,VÉ ,Classe 2B,Fourgon,10 000,Colombie-Britannique ,Canada
2022-10-03,Octobre 2022,2022-2023,2022,Ontario,M1B 5V7,Achat,2023,Ford,E-Transit,Ford E-Transit,VÉ ,Classe 2B,Fourgon,10 000,Ontario,Canada
2022-10-04,Octobre 2022,2022-2023,2022,Québec ,J7Y 5G2,Achat,2022,Lion,Lion6,Lion Lion6,VÉ ,Classe 6,Camion ,100 000,Québec ,Canada
2022-10-04,Octobre 2022,2022-2023,2022,Québec ,J3L 3R8,Achat,2022,Ford,E-Transit,Ford E-Transit,VÉ ,Classe 2B,Fourgon,10 000,Québec ,Canada
2022-10-04,Octobre 2022,2022-2023,2022,Île-du-Prince-Édouard ,C1A 5P4,Achat,2022,Ford,E-Transit,Ford E-Transit,VÉ ,Classe 2B,Fourgon,10 000,Île-du-Prince-Édouard ,Canada
2022-10-04,Octobre 2022,2022-2023,2022,Colombie-Britannique ,V9B 1H8,Achat,2022,Ford,E-Transit,Ford E-Transit,VÉ ,Classe 2B,Fourgon,10 000,Colombie-Britannique ,Canada
2022-10-04,Octobre 2022,2022-2023,2022,Colombie-Britannique ,V9B 1H8,Achat,2022,Ford,E-Transit,Ford E-Transit,VÉ ,Classe 2B,Fourgon,10 000,Colombie-Britannique ,Canada
2022-10-05,Octobre 2022,2022-2023,2022,Québec ,J3L 3R8,Achat,2022,Ford,E-Transit,Ford E-Transit,VÉ ,Classe 2B,Fourgon,10 000,Québec ,Canada
2022-10-05,Octobre 2022,2022-2023,2022,Québec ,J7Y 5G2,Achat,2022,Lion,Lion6,Lion Lion6,VÉ ,Classe 6,Camion ,100 000,Québec ,Canada
2022-10-05,Octobre 2022,2022-2023,2022,Québec ,J7Y 5G2,Achat,2022,Lion,Lion6,Lion Lion6,VÉ ,Classe 6,Camion ,100 000,Québec ,Canada
2022-10-05,Octobre 2022,2022-2023,2022,Québec ,J7Y 5G2,Location,2022,Lion,Lion6,Lion Lion6,VÉ ,Classe 6,Camion ,100 000,Québec ,Canada
2022-10-05,Octobre 2022,2022-2023,2022,Québec ,J7Y 5G2,Location,2022,Lion,Lion6,Lion Lion6,VÉ ,Classe 6,Camion ,100 000,Québec ,Canada
2022-10-05,Octobre 2022,2022-2023,2022,Terre-Neuve-et-Labrador ,A1B 4G8,Achat,2022,Ford,E-Transit,Ford E-Transit,VÉ ,Classe 2B,Fourgon,10 000,Terre-Neuve-et-Labrador ,Canada
2022-10-06,Octobre 2022,2022-2023,2022,Québec ,J7Y 5G2,Achat,2022,Lion,Lion6,Lion Lion6,VÉ ,Classe 6,Camion ,100 000,Colombie-Britannique ,Canada
2022-10-06,Octobre 2022,2022-2023,2022,Québec ,J7Y 5G2,Achat,2022,Lion,Lion6,Lion Lion6,VÉ ,Classe 6,Camion ,100 000,Colombie-Britannique ,Canada
2022-10-06,Octobre 2022,2022-2023,2022,Québec ,J7Y 5G2,Achat,2022,Lion,Lion6,Lion Lion6,VÉ ,Classe 6,Camion ,100 000,Colombie-Britannique ,Canada
2022-10-06,Octobre 2022,2022-2023,2022,Ontario,L9C 3A5,Location,2022,Ford,E-Transit,Ford E-Transit,VÉ ,Classe 2B,Fourgon,10 000,Ontario,Canada
2022-10-06,Octobre 2022,2022-2023,2022,Colombie-Britannique ,V1E 4N6,Location,2022,Ford,E-Transit,Ford E-Transit,VÉ ,Classe 2B,Fourgon,10 000,Colombie-Britannique ,Canada
2022-10-06,Octobre 2022,2022-2023,2022,Québec ,J0Z 2G0,Achat,2022,Ford,E-Transit,Ford E-Transit,VÉ ,Classe 2B,Fourgon,10 000,Québec ,Canada
2022-10-07,Octobre 2022,2022-2023,2022,Ontario,L8H 5Y3,Achat,2022,Ford,E-Transit,Ford E-Transit,VÉ ,Classe 2B,Fourgon,10 000,Ontario,Canada
2022-10-07,Octobre 2022,2022-2023,2022,Colombie-Britannique ,V5B 2Z9,Achat,2022,Ford,E-Transit,Ford E-Transit,VÉ ,Classe 2B,Fourgon,10 000,Colombie-Britannique ,Canada
2022-10-07,Octobre 2022,2022-2023,2022,Colombie-Britannique ,V5B 2Z9,Achat,2022,Ford,E-Transit,Ford E-Transit,VÉ ,Classe 2B,Fourgon,10 000,Colombie-Britannique ,Canada
2022-10-08,Octobre 2022,2022-2023,2022,Ontario,L8H 5Y3,Achat,2022,Ford,E-Transit,Ford E-Transit,VÉ ,Classe 2B,Fourgon,10 000,Ontario,Canada
2022-10-11,Octobre 2022,2022-2023,2022,Québec ,J7Y 5G2,Location,2022,Lion,Lion6,Lion Lion6,VÉ ,Classe 6,Camion ,100 000,Colombie-Britannique ,Canada
2022-10-11,Octobre 2022,2022-2023,2022,Nouvelle-Écosse ,B2W 2M3,Achat,2022,Ford,E-Transit,Ford E-Transit,VÉ ,Classe 2B,Fourgon,10 000,Nouvelle-Écosse ,Canada
2022-10-11,Octobre 2022,2022-2023,2022,Colombie-Britannique ,V5C 3Z5,Location,2022,Ford,E-Transit,Ford E-Transit,VÉ ,Classe 2B,Fourgon,10 000,Colombie-Britannique ,Canada
2022-10-11,Octobre 2022,2022-2023,2022,Colombie-Britannique ,V5C 3Z5,Location,2022,Ford,E-Transit,Ford E-Transit,VÉ ,Classe 2B,Fourgon,10 000,Colombie-Britannique ,Canada
2022-10-11,Octobre 2022,2022-2023,2022,Québec ,J4Y 1A1,Location,2022,Ford,E-Transit,Ford E-Transit,VÉ ,Classe 2B,Fourgon,10 000,Québec ,Canada
2022-10-11,Octobre 2022,2022-2023,2022,Ontario,M1B 5V7,Achat,2022,Ford,E-Transit,Ford E-Transit,VÉ ,Classe 2B,Fourgon,10 000,Ontario,Canada
2022-10-12,Octobre 2022,2022-2023,2022,Québec ,J7Y 5G2,Achat,2022,Lion,Lion6,Lion Lion6,VÉ ,Classe 6,Camion ,100 000,Québec ,Canada
2022-10-12,Octobre 2022,2022-2023,2022,Québec ,J7Y 1T4,Location,2022,Ford,E-Transit,Ford E-Transit,VÉ ,Classe 2B,Fourgon,10 000,Québec ,Canada
2022-10-13,Octobre 2022,2022-2023,2022,Terre-Neuve-et-Labrador ,A1N 0G4,Achat,2022,Ford,E-Transit,Ford E-Transit,VÉ ,Classe 2B,Fourgon,10 000,Terre-Neuve-et-Labrador ,Canada
2022-10-13,Octobre 2022,2022-2023,2022,Ontario,N8M 2W4,Achat,2022,Ford,E-Transit,Ford E-Transit,VÉ ,Classe 2B,Fourgon,10 000,Ontario,Canada
2022-10-13,Octobre 2022,2022-2023,2022,Alberta,T6H 5W5,Achat,2022,Ford,E-Transit,Ford E-Transit,VÉ ,Classe 2B,Fourgon,10 000,Alberta,Canada
2022-10-14,Octobre 2022,2022-2023,2022,Terre-Neuve-et-Labrador ,A5A 2C4,Achat,2022,Ford,E-Transit,Ford E-Transit,VÉ ,Classe 2B,Fourgon,10 000,Terre-Neuve-et-Labrador ,Canada
2022-10-14,Octobre 2022,2022-2023,2022,Colombie-Britannique ,V9T 2H1,Achat,2022,Ford,E-Transit,Ford E-Transit,VÉ ,Classe 2B,Fourgon,10 000,Colombie-Britannique ,Canada
2022-10-14,Octobre 2022,2022-2023,2022,Alberta,T3N 2G7,Achat,2023,Ford,E-Transit,Ford E-Transit,VÉ ,Classe 2B,Fourgon,10 000,Alberta,Canada
2022-10-14,Octobre 2022,2022-2023,2022,Ontario,L4N 9H7,Achat,2023,Ford,E-Transit,Ford E-Transit,VÉ ,Classe 2B,Fourgon,10 000,Ontario,Canada
2022-10-15,Octobre 2022,2022-2023,2022,Colombie-Britannique ,V8G 1K3,Location,2022,Ford,E-Transit,Ford E-Transit,VÉ ,Classe 2B,Fourgon,10 000,Colombie-Britannique ,Canada
2022-10-17,Octobre 2022,2022-2023,2022,Ontario,K1C 2X8,Achat,2022,Ford,E-Transit,Ford E-Transit,VÉ ,Classe 2B,Fourgon,10 000,Québec ,Canada
2022-10-17,Octobre 2022,2022-2023,2022,Québec ,J7Y 5G2,Achat,2023,Lion,Lion6,Lion Lion6,VÉ ,Classe 6,Camion ,100 000,Colombie-Britannique ,Canada
2022-10-17,Octobre 2022,2022-2023,2022,Québec ,J7Y 5G2,Achat,2022,Lion,Lion6,Lion Lion6,VÉ ,Classe 6,Camion ,100 000,Colombie-Britannique ,Canada
2022-10-18,Octobre 2022,2022-2023,2022,Colombie-Britannique ,V1M 4B9,Achat,2022,Mack,LRe,Mack LRe,VÉ ,Classe 8,Camion à ordures ,100 000,Colombie-Britannique ,Canada
2022-10-20,Octobre 2022,2022-2023,2022,Colombie-Britannique ,V8Z 3L4,Achat,2022,Ford,E-Transit,Ford E-Transit,VÉ ,Classe 2B,Fourgon,10 000,Colombie-Britannique ,Canada
2022-10-20,Octobre 2022,2022-2023,2022,Alberta,T3N 2G7,Achat,2023,Ford,E-Transit,Ford E-Transit,VÉ ,Classe 2B,Fourgon,10 000,Alberta,Canada
2022-10-21,Octobre 2022,2022-2023,2022,Québec ,J7Y 5G2,Achat,2022,Lion,Lion6,Lion Lion6,VÉ ,Classe 6,Camion ,100 000,Québec ,Canada
2022-10-21,Octobre 2022,2022-2023,2022,Québec ,J7Y 5G2,Achat,2022,Lion,Lion6,Lion Lion6,VÉ ,Classe 6,Camion ,100 000,Québec ,Canada
2022-10-21,Octobre 2022,2022-2023,2022,Saskatchewan,S7L 6G3,Achat,2022,Ford,E-Transit,Ford E-Transit,VÉ ,Classe 2B,Fourgon,10 000,Saskatchewan,Canada
2022-10-25,Octobre 2022,2022-2023,2022,Colombie-Britannique ,V8Z 3L4,Achat,2022,Ford,E-Transit,Ford E-Transit,VÉ ,Classe 2B,Fourgon,10 000,Colombie-Britannique ,Canada
2022-10-26,Octobre 2022,2022-2023,2022,Colombie-Britannique ,V2T 1X6,Location,2023,Ford,E-Transit,Ford E-Transit,VÉ ,Classe 2B,Fourgon,10 000,Colombie-Britannique ,Canada
2022-10-26,Octobre 2022,2022-2023,2022,Colombie-Britannique ,V5B 2Z9,Achat,2022,Ford,E-Transit,Ford E-Transit,VÉ ,Classe 2B,Fourgon,10 000,Colombie-Britannique ,Canada
2022-10-26,Octobre 2022,2022-2023,2022,Colombie-Britannique ,V1M 4B9,Achat,2022,Mack,LRe,Mack LRe,VÉ ,Classe 8,Camion à ordures ,100 000,Colombie-Britannique ,Canada
2022-10-27,Octobre 2022,2022-2023,2022,Québec ,J0K 3C0,Achat,2022,Ford,E-Transit,Ford E-Transit,VÉ ,Classe 2B,Fourgon,10 000,Québec ,Canada
2022-10-27,Octobre 2022,2022-2023,2022,Colombie-Britannique ,V2T 5M1,Location,2022,Ford,E-Transit,Ford E-Transit,VÉ ,Classe 2B,Fourgon,10 000,Colombie-Britannique ,Canada
2022-10-28,Octobre 2022,2022-2023,2022,Québec ,H4T 1A5,Location,2023,Kenworth,T680E,Kenworth T680E,VÉ ,Classe 8,Tracteur ,150 000,Québec ,Canada
2022-10-28,Octobre 2022,2022-2023,2022,Québec ,H4T 1A5,Location,2023,Kenworth,T680E,Kenworth T680E,VÉ ,Classe 8,Tracteur ,150 000,Québec ,Canada
2022-10-28,Octobre 2022,2022-2023,2022,Ontario,L4W 1E6,Location,2022,Ford,E-Transit,Ford E-Transit,VÉ ,Classe 2B,Fourgon,7 500,Ontario,Canada
2022-10-28,Octobre 2022,2022-2023,2022,Ontario,L9T 3J2,Achat,2022,Ford,E-Transit,Ford E-Transit,VÉ ,Classe 2B,Fourgon,10 000,Ontario,Canada
2022-10-29,Octobre 2022,2022-2023,2022,Ontario,N8W 5W2,Achat,2022,Ford,E-Transit,Ford E-Transit,VÉ ,Classe 2B,Fourgon,10 000,Ontario,Canada
2022-11-04,Novembre 2022,2022-2023,2022,Colombie-Britannique ,V3B 1B2,Location,2022,Ford,E-Transit,Ford E-Transit,VÉ ,Classe 2B,Fourgon,10 000,Colombie-Britannique ,Canada
2022-11-04,Novembre 2022,2022-2023,2022,Colombie-Britannique ,V3B 1B2,Location,2022,Ford,E-Transit,Ford E-Transit,VÉ ,Classe 2B,Fourgon,10 000,Colombie-Britannique ,Canada
2022-11-07,Novembre 2022,2022-2023,2022,Québec ,J7Y 5G2,Achat,2022,Lion,Lion6,Lion Lion6,VÉ ,Classe 6,Camion ,100 000,Colombie-Britannique ,Canada
2022-11-07,Novembre 2022,2022-2023,2022,Québec ,J7Y 5G2,Achat,2022,Lion,Lion6,Lion Lion6,VÉ ,Classe 6,Camion ,100 000,Colombie-Britannique ,Canada
2022-11-07,Novembre 2022,2022-2023,2022,Québec ,J7Y 5G2,Achat,2022,Lion,Lion6,Lion Lion6,VÉ ,Classe 6,Camion ,100 000,Colombie-Britannique ,Canada
2022-11-07,Novembre 2022,2022-2023,2022,Québec ,J7Y 5G2,Achat,2022,Lion,Lion6,Lion Lion6,VÉ ,Classe 6,Camion ,100 000,Colombie-Britannique ,Canada
2022-11-07,Novembre 2022,2022-2023,2022,Québec ,J7Y 5G2,Achat,2022,Lion,Lion6,Lion Lion6,VÉ ,Classe 6,Camion ,100 000,Colombie-Britannique ,Canada
2022-11-07,Novembre 2022,2022-2023,2022,Québec ,J7Y 5G2,Achat,2022,Lion,Lion6,Lion Lion6,VÉ ,Classe 6,Camion ,100 000,Colombie-Britannique ,Canada
2022-11-07,Novembre 2022,2022-2023,2022,Québec ,J7Y 5G2,Achat,2022,Lion,Lion6,Lion Lion6,VÉ ,Classe 6,Camion ,100 000,Colombie-Britannique ,Canada
2022-11-07,Novembre 2022,2022-2023,2022,Québec ,J7Y 5G2,Achat,2022,Lion,Lion6,Lion Lion6,VÉ ,Classe 6,Camion ,100 000,Colombie-Britannique ,Canada
2022-11-08,Novembre 2022,2022-2023,2022,Manitoba,R2V 2B8,Achat,2022,Ford,E-Transit,Ford E-Transit,VÉ ,Classe 2B,Fourgon,10 000,Manitoba,Canada
2022-11-08,Novembre 2022,2022-2023,2022,Manitoba,R2V 2B8,Achat,2022,Ford,E-Transit,Ford E-Transit,VÉ ,Classe 2B,Fourgon,10 000,Manitoba,Canada
2022-11-08,Novembre 2022,2022-2023,2022,Manitoba,R2V 2B8,Achat,2022,Ford,E-Transit,Ford E-Transit,VÉ ,Classe 2B,Fourgon,10 000,Manitoba,Canada
2022-11-08,Novembre 2022,2022-2023,2022,Manitoba,R2V 2B8,Achat,2022,Ford,E-Transit,Ford E-Transit,VÉ ,Classe 2B,Fourgon,10 000,Manitoba,Canada
2022-11-08,Novembre 2022,2022-2023,2022,Manitoba,R2V 2B8,Achat,2022,Ford,E-Transit,Ford E-Transit,VÉ ,Classe 2B,Fourgon,10 000,Manitoba,Canada
2022-11-10,Novembre 2022,2022-2023,2022,Manitoba,R0G 0J0,Achat,2022,Ford,E-Transit,Ford E-Transit,VÉ ,Classe 2B,Fourgon,10 000,Manitoba,Canada
2022-11-10,Novembre 2022,2022-2023,2022,Manitoba,R0G 0J0,Achat,2022,Ford,E-Transit,Ford E-Transit,VÉ ,Classe 2B,Fourgon,10 000,Manitoba,Canada
2022-11-10,Novembre 2022,2022-2023,2022,Ontario,M1B 5V7,Location,2022,Ford,E-Transit,Ford E-Transit,VÉ ,Classe 2B,Fourgon,10 000,Ontario,Canada
2022-11-14,Novembre 2022,2022-2023,2022,Québec ,H7P 0A8,Achat,2023,Peterbilt,579EV,Peterbilt 579EV,VÉ ,Classe 8,Tracteur ,150 000,Québec ,Canada
2022-11-14,Novembre 2022,2022-2023,2022,Québec ,H7P 0A8,Achat,2023,Peterbilt,579EV,Peterbilt 579EV,VÉ ,Classe 8,Tracteur ,150 000,Québec ,Canada
2022-11-15,Novembre 2022,2022-2023,2022,Québec ,H4T 1A5,Achat,2023,Kenworth,T680E,Kenworth T680E,VÉ ,Classe 8,Tracteur ,150 000,Québec ,Canada
2022-11-18,Novembre 2022,2022-2023,2022,Québec ,J7Y 5G2,Achat,2023,Lion,LionC,Lion LionC,VÉ ,Classe 7,Navette  ,100 000,Colombie-Britannique ,Canada
2022-11-18,Novembre 2022,2022-2023,2022,Québec ,J7Y 5G2,Achat,2023,Lion,LionC,Lion LionC,VÉ ,Classe 7,Navette  ,100 000,Colombie-Britannique ,Canada
2022-11-18,Novembre 2022,2022-2023,2022,Québec ,J7Y 5G2,Achat,2023,Lion,LionC,Lion LionC,VÉ ,Classe 7,Navette  ,100 000,Colombie-Britannique ,Canada
2022-11-18,Novembre 2022,2022-2023,2022,Québec ,J7Y 5G2,Achat,2023,Lion,LionC,Lion LionC,VÉ ,Classe 7,Navette  ,100 000,Colombie-Britannique ,Canada
2022-11-21,Novembre 2022,2022-2023,2022,Québec ,H1R 1Z4,Location,2023,Ford,E-Transit,Ford E-Transit,VÉ ,Classe 2B,Fourgon,10 000,Québec ,Canada
2022-11-21,Novembre 2022,2022-2023,2022,Québec ,H9P 1A7,Achat,2023,Volvo,VNRE62T300,Volvo VNRE62T300,VÉ ,Classe 8,Tracteur ,100 000,Québec ,Canada
2022-11-21,Novembre 2022,2022-2023,2022,Colombie-Britannique ,V1R 2T1,Achat,2022,Ford,E-Transit,Ford E-Transit,VÉ ,Classe 2B,Fourgon,10 000,Colombie-Britannique ,Canada
2022-11-22,Novembre 2022,2022-2023,2022,Manitoba,R6W 0M6,Achat,2022,Ford,E-Transit,Ford E-Transit,VÉ ,Classe 2B,Fourgon,10 000,Manitoba,Canada
2022-11-22,Novembre 2022,2022-2023,2022,Ontario,L8H 5Y3,Achat,2023,Ford,E-Transit,Ford E-Transit,VÉ ,Classe 2B,Fourgon,10 000,Ontario,Canada
2022-11-23,Novembre 2022,2022-2023,2022,Québec ,H1R 1Z4,Location,2023,Ford,E-Transit,Ford E-Transit,VÉ ,Classe 2B,Fourgon,10 000,Québec ,Canada
2022-11-23,Novembre 2022,2022-2023,2022,Québec ,H1R 1Z4,Location,2023,Ford,E-Transit,Ford E-Transit,VÉ ,Classe 2B,Fourgon,10 000,Québec ,Canada
2022-11-23,Novembre 2022,2022-2023,2022,Ontario,K4K 1L9,Achat,2023,Ford,E-Transit,Ford E-Transit,VÉ ,Classe 2B,Fourgon,10 000,Ontario,Canada
2022-11-23,Novembre 2022,2022-2023,2022,Alberta,T2H 2S8,Achat,2022,Ford,E-Transit,Ford E-Transit,VÉ ,Classe 2B,Fourgon,10 000,Ontario,Canada
2022-11-28,Novembre 2022,2022-2023,2022,Québec ,H1R 1Z4,Location,2023,Ford,E-Transit,Ford E-Transit,VÉ ,Classe 2B,Fourgon,10 000,Québec ,Canada
2022-11-28,Novembre 2022,2022-2023,2022,Québec ,H1R 1Z4,Location,2023,Ford,E-Transit,Ford E-Transit,VÉ ,Classe 2B,Fourgon,10 000,Québec ,Canada
2022-11-28,Novembre 2022,2022-2023,2022,Québec ,H1R 1Z4,Location,2023,Ford,E-Transit,Ford E-Transit,VÉ ,Classe 2B,Fourgon,10 000,Québec ,Canada
2022-11-28,Novembre 2022,2022-2023,2022,Québec ,H1R 1Z4,Location,2023,Ford,E-Transit,Ford E-Transit,VÉ ,Classe 2B,Fourgon,10 000,Québec ,Canada
2022-11-28,Novembre 2022,2022-2023,2022,Québec ,H1R 1Z4,Location,2023,Ford,E-Transit,Ford E-Transit,VÉ ,Classe 2B,Fourgon,10 000,Québec ,Canada
2022-11-28,Novembre 2022,2022-2023,2022,Québec ,H1R 1Z4,Location,2023,Ford,E-Transit,Ford E-Transit,VÉ ,Classe 2B,Fourgon,10 000,Québec ,Canada
2022-11-30,Novembre 2022,2022-2023,2022,Alberta,T3N 2G7,Achat,2023,Ford,E-Transit,Ford E-Transit,VÉ ,Classe 2B,Fourgon,10 000,Alberta,Canada
2022-12-01,Décembre 2022,2022-2023,2022,Ontario,L4W 1E6,Achat,2023,Ford,E-Transit,Ford E-Transit,VÉ ,Classe 2B,Fourgon,10 000,Ontario,Canada
2022-12-02,Décembre 2022,2022-2023,2022,Québec ,J7Y 5G2,Achat,2022,Lion,Lion6,Lion Lion6,VÉ ,Classe 6,Camion ,100 000,Québec ,Canada
2022-12-02,Décembre 2022,2022-2023,2022,Québec ,J7Y 5G2,Achat,2022,Lion,Lion6,Lion Lion6,VÉ ,Classe 6,Camion ,100 000,Québec ,Canada
2022-12-02,Décembre 2022,2022-2023,2022,Québec ,J7Y 5G2,Achat,2022,Lion,Lion6,Lion Lion6,VÉ ,Classe 6,Camion ,100 000,Québec ,Canada
2022-12-02,Décembre 2022,2022-2023,2022,Québec ,J7Y 5G2,Achat,2022,Lion,Lion6,Lion Lion6,VÉ ,Classe 6,Camion ,100 000,Québec ,Canada
2022-12-02,Décembre 2022,2022-2023,2022,Colombie-Britannique ,V7P 3R8,Achat,2023,Ford,E-Transit,Ford E-Transit,VÉ ,Classe 2B,Fourgon,10 000,Colombie-Britannique ,Canada
2022-12-02,Décembre 2022,2022-2023,2022,Colombie-Britannique ,V7P 3R8,Achat,2022,Ford,E-Transit,Ford E-Transit,VÉ ,Classe 2B,Fourgon,10 000,Colombie-Britannique ,Canada
2022-12-05,Décembre 2022,2022-2023,2022,Ontario,L0R 1P0,Achat,2023,International,eMV Battery Electric Truck,International eMV Battery Electric Truck,VÉ ,Classe 7,Camion porteur ,100 000,Québec ,Canada
2022-12-05,Décembre 2022,2022-2023,2022,Ontario,L0R 1P0,Achat,2023,International,eMV Battery Electric Truck,International eMV Battery Electric Truck,VÉ ,Classe 7,Camion porteur ,100 000,Québec ,Canada
2022-12-05,Décembre 2022,2022-2023,2022,Colombie-Britannique ,V3B 1B2,Achat,2023,Ford,E-Transit,Ford E-Transit,VÉ ,Classe 2B,Fourgon,10 000,Colombie-Britannique ,Canada
2022-12-05,Décembre 2022,2022-2023,2022,Ontario,L0R 1P0,Achat,2023,International,eMV Battery Electric Truck,International eMV Battery Electric Truck,VÉ ,Classe 7,Camion porteur ,100 000,Québec ,Canada
2022-12-05,Décembre 2022,2022-2023,2022,Ontario,L0R 1P0,Achat,2023,International,eMV Battery Electric Truck,International eMV Battery Electric Truck,VÉ ,Classe 7,Camion porteur ,100 000,Québec ,Canada
2022-12-05,Décembre 2022,2022-2023,2022,Colombie-Britannique ,V3B 1B2,Achat,2023,Ford,E-Transit,Ford E-Transit,VÉ ,Classe 2B,Fourgon,10 000,Colombie-Britannique ,Canada
2022-12-05,Décembre 2022,2022-2023,2022,Ontario,N7T 3W1,Achat,2022,Ford,E-Transit,Ford E-Transit,VÉ ,Classe 2B,Fourgon,10 000,Ontario,Canada
2022-12-05,Décembre 2022,2022-2023,2022,Colombie-Britannique ,V3B 1B2,Achat,2023,Ford,E-Transit,Ford E-Transit,VÉ ,Classe 2B,Fourgon,10 000,Colombie-Britannique ,Canada
2022-12-05,Décembre 2022,2022-2023,2022,Colombie-Britannique ,V3B 1B2,Achat,2023,Ford,E-Transit,Ford E-Transit,VÉ ,Classe 2B,Fourgon,10 000,Colombie-Britannique ,Canada
2022-12-05,Décembre 2022,2022-2023,2022,Colombie-Britannique ,V3B 1B2,Achat,2023,Ford,E-Transit,Ford E-Transit,VÉ ,Classe 2B,Fourgon,10 000,Colombie-Britannique ,Canada
2022-12-05,Décembre 2022,2022-2023,2022,Colombie-Britannique ,V3B 1B2,Achat,2023,Ford,E-Transit,Ford E-Transit,VÉ ,Classe 2B,Fourgon,10 000,Colombie-Britannique ,Canada
2022-12-05,Décembre 2022,2022-2023,2022,Colombie-Britannique ,V3B 1B2,Achat,2023,Ford,E-Transit,Ford E-Transit,VÉ ,Classe 2B,Fourgon,10 000,Colombie-Britannique ,Canada
2022-12-06,Décembre 2022,2022-2023,2022,Colombie-Britannique ,V3R 4G6,Achat,2022,Ford,E-Transit,Ford E-Transit,VÉ ,Classe 2B,Fourgon,10 000,Colombie-Britannique ,Canada
2022-12-06,Décembre 2022,2022-2023,2022,Québec ,H1R 1Z4,Location,2023,Ford,E-Transit,Ford E-Transit,VÉ ,Classe 2B,Fourgon,10 000,Québec ,Canada
2022-12-06,Décembre 2022,2022-2023,2022,Québec ,H1R 1Z4,Location,2023,Ford,E-Transit,Ford E-Transit,VÉ ,Classe 2B,Fourgon,10 000,Québec ,Canada
2022-12-06,Décembre 2022,2022-2023,2022,Manitoba,R2V 2B8,Achat,2022,Ford,E-Transit,Ford E-Transit,VÉ ,Classe 2B,Fourgon,10 000,Manitoba,Canada
2022-12-07,Décembre 2022,2022-2023,2022,Québec ,H1R 1Z4,Location,2022,Ford,E-Transit,Ford E-Transit,VÉ ,Classe 2B,Fourgon,10 000,Québec ,Canada
2022-12-07,Décembre 2022,2022-2023,2022,Québec ,H1G 5W9,Achat,2022,Ford,E-Transit,Ford E-Transit,VÉ ,Classe 2B,Fourgon,10 000,Québec ,Canada
2022-12-07,Décembre 2022,2022-2023,2022,Colombie-Britannique ,V3B 1B2,Location,2022,Ford,E-Transit,Ford E-Transit,VÉ ,Classe 2B,Fourgon,10 000,Colombie-Britannique ,Canada
2022-12-08,Décembre 2022,2022-2023,2022,Colombie-Britannique ,V3B 1B2,Location,2023,Ford,E-Transit,Ford E-Transit,VÉ ,Classe 2B,Fourgon,10 000,Colombie-Britannique ,Canada
2022-12-08,Décembre 2022,2022-2023,2022,Colombie-Britannique ,V3B 1B2,Location,2023,Ford,E-Transit,Ford E-Transit,VÉ ,Classe 2B,Fourgon,10 000,Colombie-Britannique ,Canada
2022-12-08,Décembre 2022,2022-2023,2022,Québec ,J0H 1B0,Achat,2023,Kenworth,T680E,Kenworth T680E,VÉ ,Classe 8,Tracteur ,150 000,Québec ,Canada
2022-12-08,Décembre 2022,2022-2023,2022,Québec ,J0H 1B0,Achat,2023,Kenworth,T680E,Kenworth T680E,VÉ ,Classe 8,Tracteur ,150 000,Québec ,Canada
2022-12-09,Décembre 2022,2022-2023,2022,Québec ,J7Y 5G2,Achat,2022,Lion,Lion6,Lion Lion6,VÉ ,Classe 6,Camion ,100 000,Ontario,Canada
2022-12-09,Décembre 2022,2022-2023,2022,Québec ,J7Y 5G2,Achat,2022,Lion,Lion6,Lion Lion6,VÉ ,Classe 6,Camion ,100 000,Ontario,Canada
2022-12-09,Décembre 2022,2022-2023,2022,Québec ,J7Y 5G2,Achat,2022,Lion,Lion6,Lion Lion6,VÉ ,Classe 6,Camion ,100 000,Ontario,Canada
2022-12-09,Décembre 2022,2022-2023,2022,Québec ,J7Y 5G2,Achat,2022,Lion,Lion6,Lion Lion6,VÉ ,Classe 6,Camion ,100 000,Ontario,Canada
2022-12-09,Décembre 2022,2022-2023,2022,Québec ,J7Y 5G2,Achat,2022,Lion,Lion6,Lion Lion6,VÉ ,Classe 6,Camion ,100 000,Ontario,Canada
2022-12-09,Décembre 2022,2022-2023,2022,Québec ,J7Y 5G2,Achat,2022,Lion,Lion6,Lion Lion6,VÉ ,Classe 6,Camion ,100 000,Ontario,Canada
2022-12-09,Décembre 2022,2022-2023,2022,Québec ,J7Y 5G2,Achat,2022,Lion,Lion6,Lion Lion6,VÉ ,Classe 6,Camion ,100 000,Ontario,Canada
2022-12-09,Décembre 2022,2022-2023,2022,Québec ,J7Y 5G2,Achat,2022,Lion,Lion6,Lion Lion6,VÉ ,Classe 6,Camion ,100 000,Colombie-Britannique ,Canada
2022-12-09,Décembre 2022,2022-2023,2022,Québec ,J7Y 5G2,Achat,2022,Lion,Lion6,Lion Lion6,VÉ ,Classe 6,Camion ,100 000,Colombie-Britannique ,Canada
2022-12-09,Décembre 2022,2022-2023,2022,Québec ,J7Y 5G2,Achat,2022,Lion,Lion6,Lion Lion6,VÉ ,Classe 6,Camion ,100 000,Colombie-Britannique ,Canada
2022-12-12,Décembre 2022,2022-2023,2022,Québec ,J7Y 5G2,Achat,2022,Lion,Lion8 Bucket,Lion Lion8 Bucket,VÉ ,Classe 8,Camion à nacelle ,100 000,Québec ,Canada
2022-12-12,Décembre 2022,2022-2023,2022,Québec ,J7Y 5G2,Achat,2022,Lion,Lion8 Bucket,Lion Lion8 Bucket,VÉ ,Classe 8,Camion à nacelle ,100 000,Québec ,Canada
2022-12-12,Décembre 2022,2022-2023,2022,Québec ,J7Y 5G2,Achat,2022,Lion,Lion8 Bucket,Lion Lion8 Bucket,VÉ ,Classe 8,Camion à nacelle ,100 000,Québec ,Canada
2022-12-12,Décembre 2022,2022-2023,2022,Québec ,G5Y 2C1,Achat,2023,Ford,E-Transit,Ford E-Transit,VÉ ,Classe 2B,Fourgon,10 000,Québec ,Canada
2022-12-13,Décembre 2022,2022-2023,2022,Ontario,K2J 6H8,Achat,2022,Ford,E-Transit,Ford E-Transit,VÉ ,Classe 2B,Fourgon,10 000,Ontario,Canada
2022-12-13,Décembre 2022,2022-2023,2022,Québec ,G1M 3C8,Achat,2022,Ford,E-Transit,Ford E-Transit,VÉ ,Classe 2B,Fourgon,10 000,Québec ,Canada
2022-12-13,Décembre 2022,2022-2023,2022,Québec ,G1M 3C8,Achat,2022,Ford,E-Transit,Ford E-Transit,VÉ ,Classe 2B,Fourgon,10 000,Québec ,Canada
2022-12-13,Décembre 2022,2022-2023,2022,Manitoba,R0G 0J0,Location,2023,Ford,E-Transit,Ford E-Transit,VÉ ,Classe 2B,Fourgon,10 000,Manitoba,Canada
2022-12-16,Décembre 2022,2022-2023,2022,Nouvelle-Écosse ,B3K 0A2,Achat,2022,Ford,E-Transit,Ford E-Transit,VÉ ,Classe 2B,Fourgon,10 000,Nouvelle-Écosse ,Canada
2022-12-16,Décembre 2022,2022-2023,2022,Colombie-Britannique ,V5C 3Z5,Location,2023,Ford,E-Transit,Ford E-Transit,VÉ ,Classe 2B,Fourgon,10 000,Colombie-Britannique ,Canada
2022-12-16,Décembre 2022,2022-2023,2022,Québec ,J2K 0H9,Achat,2022,Ford,E-Transit,Ford E-Transit,VÉ ,Classe 2B,Fourgon,10 000,Québec ,Canada
2022-12-16,Décembre 2022,2022-2023,2022,Colombie-Britannique ,V3B 1B2,Achat,2023,Ford,E-Transit,Ford E-Transit,VÉ ,Classe 2B,Fourgon,10 000,Colombie-Britannique ,Canada
2022-12-16,Décembre 2022,2022-2023,2022,Québec ,J2K 0H9,Achat,2022,Ford,E-Transit,Ford E-Transit,VÉ ,Classe 2B,Fourgon,10 000,Québec ,Canada
2022-12-16,Décembre 2022,2022-2023,2022,Québec ,J7Y 5G2,Achat,2022,Lion,Lion6,Lion Lion6,VÉ ,Classe 6,Camion ,100 000,Ontario,Canada
2022-12-16,Décembre 2022,2022-2023,2022,Colombie-Britannique ,V3B 1B2,Achat,2023,Ford,E-Transit,Ford E-Transit,VÉ ,Classe 2B,Fourgon,10 000,Colombie-Britannique ,Canada
2022-12-17,Décembre 2022,2022-2023,2022,Colombie-Britannique ,V3R 4G6,Achat,2022,Ford,E-Transit,Ford E-Transit,VÉ ,Classe 2B,Fourgon,10 000,Colombie-Britannique ,Canada
2022-12-19,Décembre 2022,2022-2023,2022,Colombie-Britannique ,V1J 5T5,Location,2023,Ford,E-Transit,Ford E-Transit,VÉ ,Classe 2B,Fourgon,10 000,Colombie-Britannique ,Canada
2022-12-19,Décembre 2022,2022-2023,2022,Ontario,K7C 3P5,Achat,2023,Ford,E-Transit,Ford E-Transit,VÉ ,Classe 2B,Fourgon,10 000,Ontario,Canada
2022-12-20,Décembre 2022,2022-2023,2022,Québec ,H1R 1Z4,Location,2022,Ford,E-Transit,Ford E-Transit,VÉ ,Classe 2B,Fourgon,10 000,Québec ,Canada
2022-12-20,Décembre 2022,2022-2023,2022,Québec ,H1R 1Z4,Location,2022,Ford,E-Transit,Ford E-Transit,VÉ ,Classe 2B,Fourgon,10 000,Québec ,Canada
2022-12-20,Décembre 2022,2022-2023,2022,Québec ,H1R 1Z4,Location,2022,Ford,E-Transit,Ford E-Transit,VÉ ,Classe 2B,Fourgon,10 000,Alberta,Canada
2022-12-20,Décembre 2022,2022-2023,2022,Colombie-Britannique ,V9T 2H1,Achat,2022,Ford,E-Transit,Ford E-Transit,VÉ ,Classe 2B,Fourgon,10 000,Colombie-Britannique ,Canada
2022-12-21,Décembre 2022,2022-2023,2022,Québec ,H7G 4W6,Achat,2022,Ford,E-Transit,Ford E-Transit,VÉ ,Classe 2B,Fourgon,10 000,Québec ,Canada
2022-12-21,Décembre 2022,2022-2023,2022,Québec ,H7G 4W6,Achat,2022,Ford,E-Transit,Ford E-Transit,VÉ ,Classe 2B,Fourgon,10 000,Québec ,Canada
2022-12-21,Décembre 2022,2022-2023,2022,Québec ,H7G 4W6,Achat,2022,Ford,E-Transit,Ford E-Transit,VÉ ,Classe 2B,Fourgon,10 000,Québec ,Canada
2022-12-21,Décembre 2022,2022-2023,2022,Québec ,J8Z 1S8,Achat,2022,Ford,E-Transit,Ford E-Transit,VÉ ,Classe 2B,Fourgon,10 000,Québec ,Canada
2022-12-21,Décembre 2022,2022-2023,2022,Québec ,J7V 6N5,Achat,2023,Ford,E-Transit,Ford E-Transit,VÉ ,Classe 2B,Fourgon,10 000,Québec ,Canada
2022-12-21,Décembre 2022,2022-2023,2022,Québec ,H7G 4W6,Achat,2022,Ford,E-Transit,Ford E-Transit,VÉ ,Classe 2B,Fourgon,10 000,Québec ,Canada
2022-12-21,Décembre 2022,2022-2023,2022,Québec ,H7G 4W6,Achat,2022,Ford,E-Transit,Ford E-Transit,VÉ ,Classe 2B,Fourgon,10 000,Québec ,Canada
2022-12-21,Décembre 2022,2022-2023,2022,Québec ,H7G 4W6,Achat,2022,Ford,E-Transit,Ford E-Transit,VÉ ,Classe 2B,Fourgon,10 000,Québec ,Canada
2022-12-21,Décembre 2022,2022-2023,2022,Québec ,H9B 2C8,Location,2023,Ford,E-Transit,Ford E-Transit,VÉ ,Classe 2B,Fourgon,10 000,Québec ,Canada
2022-12-22,Décembre 2022,2022-2023,2022,Ontario,L2E 6C7,Achat,2022,Ford,E-Transit,Ford E-Transit,VÉ ,Classe 2B,Fourgon,10 000,Ontario,Canada
2022-12-22,Décembre 2022,2022-2023,2022,Québec ,H4R 1J7,Achat,2022,Ford,E-Transit,Ford E-Transit,VÉ ,Classe 2B,Fourgon,10 000,Québec ,Canada
2022-12-22,Décembre 2022,2022-2023,2022,Québec ,H4R 1J7,Achat,2022,Ford,E-Transit,Ford E-Transit,VÉ ,Classe 2B,Fourgon,10 000,Québec ,Canada
2022-12-22,Décembre 2022,2022-2023,2022,Québec ,H4R 1J7,Achat,2022,Ford,E-Transit,Ford E-Transit,VÉ ,Classe 2B,Fourgon,10 000,Québec ,Canada
2022-12-22,Décembre 2022,2022-2023,2022,Québec ,H4R 1J7,Achat,2022,Ford,E-Transit,Ford E-Transit,VÉ ,Classe 2B,Fourgon,10 000,Québec ,Canada
2022-12-22,Décembre 2022,2022-2023,2022,Québec ,H4R 1J7,Achat,2022,Ford,E-Transit,Ford E-Transit,VÉ ,Classe 2B,Fourgon,10 000,Québec ,Canada
2022-12-22,Décembre 2022,2022-2023,2022,Québec ,H4R 1J7,Achat,2022,Ford,E-Transit,Ford E-Transit,VÉ ,Classe 2B,Fourgon,10 000,Québec ,Canada
2022-12-22,Décembre 2022,2022-2023,2022,Québec ,H4R 1J7,Achat,2022,Ford,E-Transit,Ford E-Transit,VÉ ,Classe 2B,Fourgon,10 000,Québec ,Canada
2022-12-22,Décembre 2022,2022-2023,2022,Québec ,H4R 1J7,Achat,2022,Ford,E-Transit,Ford E-Transit,VÉ ,Classe 2B,Fourgon,10 000,Québec ,Canada
2022-12-22,Décembre 2022,2022-2023,2022,Québec ,H4R 1J7,Achat,2022,Ford,E-Transit,Ford E-Transit,VÉ ,Classe 2B,Fourgon,10 000,Québec ,Canada
2022-12-22,Décembre 2022,2022-2023,2022,Québec ,H4R 1J7,Achat,2022,Ford,E-Transit,Ford E-Transit,VÉ ,Classe 2B,Fourgon,10 000,Québec ,Canada
2022-12-28,Décembre 2022,2022-2023,2022,Québec ,G6V 6C7,Achat,2023,Ford,E-Transit,Ford E-Transit,VÉ ,Classe 2B,Fourgon,10 000,Québec ,Canada
2022-12-28,Décembre 2022,2022-2023,2022,Alberta,T1K 2R3,Achat,2022,Ford,E-Transit,Ford E-Transit,VÉ ,Classe 2B,Fourgon,10 000,Alberta,Canada
2022-12-28,Décembre 2022,2022-2023,2022,Colombie-Britannique ,V3R 4G6,Achat,2022,Ford,E-Transit,Ford E-Transit,VÉ ,Classe 2B,Fourgon,10 000,Colombie-Britannique ,Canada
2022-12-28,Décembre 2022,2022-2023,2022,Colombie-Britannique ,V3R 4G6,Achat,2022,Ford,E-Transit,Ford E-Transit,VÉ ,Classe 2B,Fourgon,10 000,Colombie-Britannique ,Canada
2022-12-29,Décembre 2022,2022-2023,2022,Colombie-Britannique ,V3R 4G6,Location,2023,Ford,E-Transit,Ford E-Transit,VÉ ,Classe 2B,Fourgon,7 500,Colombie-Britannique ,Canada
2022-12-29,Décembre 2022,2022-2023,2022,Colombie-Britannique ,V4N 4C2,Location,2023,Peterbilt,579EV,Peterbilt 579EV,VÉ ,Classe 8,Tracteur ,150 000,Colombie-Britannique ,Canada
2022-12-29,Décembre 2022,2022-2023,2022,Ontario,L4N 9H7,Achat,2022,Ford,E-Transit,Ford E-Transit,VÉ ,Classe 2B,Fourgon,10 000,Ontario,Canada
2022-12-30,Décembre 2022,2022-2023,2022,Colombie-Britannique ,V5C 3Z5,Location,2023,Ford,E-Transit,Ford E-Transit,VÉ ,Classe 2B,Fourgon,10 000,Colombie-Britannique ,Canada
2022-12-30,Décembre 2022,2022-2023,2022,Colombie-Britannique ,V5C 3Z5,Location,2023,Ford,E-Transit,Ford E-Transit,VÉ ,Classe 2B,Fourgon,10 000,Colombie-Britannique ,Canada
2023-01-03,Janvier 2023,2022-2023,2023,Québec ,H1R 1Z4,Location,2022,Ford,E-Transit,Ford E-Transit,VÉ ,Classe 2B,Fourgon,10 000,Alberta,Canada
2023-01-03,Janvier 2023,2022-2023,2023,Québec ,H1R 1Z4,Location,2023,Ford,E-Transit,Ford E-Transit,VÉ ,Classe 2B,Fourgon,10 000,Ontario,Canada
2023-01-04,Janvier 2023,2022-2023,2023,Québec ,G8K 1S2,Achat,2022,Ford,E-Transit,Ford E-Transit,VÉ ,Classe 2B,Fourgon,10 000,Québec ,Canada
2023-01-06,Janvier 2023,2022-2023,2023,Québec ,J7Y 5G2,Achat,2022,Lion,LionC,Lion LionC,VÉ ,Classe 7,Navette  ,100 000,Québec ,Canada
2023-01-06,Janvier 2023,2022-2023,2023,Colombie-Britannique ,V2B 2B8,Achat,2022,Ford,E-Transit,Ford E-Transit,VÉ ,Classe 2B,Fourgon,10 000,Colombie-Britannique ,Canada
2023-01-09,Janvier 2023,2022-2023,2023,Ontario,M9V 2C1,Achat,2023,Ford,E-Transit,Ford E-Transit,VÉ ,Classe 2B,Fourgon,10 000,Ontario,Canada
2023-01-10,Janvier 2023,2022-2023,2023,Québec ,J8L 3T4,Achat,2022,Ford,E-Transit,Ford E-Transit,VÉ ,Classe 2B,Fourgon,10 000,Québec ,Canada
2023-01-10,Janvier 2023,2022-2023,2023,Alberta,T9E 0W8,Achat,2023,Ford,E-Transit,Ford E-Transit,VÉ ,Classe 2B,Fourgon,10 000,Ontario,Canada
2023-01-10,Janvier 2023,2022-2023,2023,Québec ,G1M 3C8,Achat,2023,Ford,E-Transit,Ford E-Transit,VÉ ,Classe 2B,Fourgon,10 000,Québec ,Canada
2023-01-11,Janvier 2023,2022-2023,2023,Québec ,H7P 0C2,Achat,2023,Ford,E-Transit,Ford E-Transit,VÉ ,Classe 2B,Fourgon,10 000,Québec ,Canada
2023-01-11,Janvier 2023,2022-2023,2023,Québec ,H7P 0C2,Location,2022,Ford,E-Transit,Ford E-Transit,VÉ ,Classe 2B,Fourgon,10 000,Québec ,Canada
2023-01-11,Janvier 2023,2022-2023,2023,Québec ,J6A 2P3,Achat,2023,Ford,E-Transit,Ford E-Transit,VÉ ,Classe 2B,Fourgon,10 000,Québec ,Canada
2023-01-11,Janvier 2023,2022-2023,2023,Québec ,H4R 1J7,Achat,2022,Ford,E-Transit,Ford E-Transit,VÉ ,Classe 2B,Fourgon,10 000,Québec ,Canada
2023-01-11,Janvier 2023,2022-2023,2023,Québec ,H4R 1J7,Achat,2022,Ford,E-Transit,Ford E-Transit,VÉ ,Classe 2B,Fourgon,10 000,Québec ,Canada
2023-01-11,Janvier 2023,2022-2023,2023,Québec ,H1R 1Z4,Location,2023,Ford,E-Transit,Ford E-Transit,VÉ ,Classe 2B,Fourgon,10 000,Québec ,Canada
2023-01-11,Janvier 2023,2022-2023,2023,Québec ,H4R 1J7,Achat,2022,Ford,E-Transit,Ford E-Transit,VÉ ,Classe 2B,Fourgon,10 000,Québec ,Canada
2023-01-11,Janvier 2023,2022-2023,2023,Québec ,H4R 1J7,Achat,2022,Ford,E-Transit,Ford E-Transit,VÉ ,Classe 2B,Fourgon,10 000,Québec ,Canada
2023-01-11,Janvier 2023,2022-2023,2023,Québec ,H4R 1J7,Achat,2022,Ford,E-Transit,Ford E-Transit,VÉ ,Classe 2B,Fourgon,10 000,Québec ,Canada
2023-01-11,Janvier 2023,2022-2023,2023,Québec ,H4R 1J7,Achat,2022,Ford,E-Transit,Ford E-Transit,VÉ ,Classe 2B,Fourgon,10 000,Québec ,Canada
2023-01-11,Janvier 2023,2022-2023,2023,Québec ,H4R 1J7,Achat,2022,Ford,E-Transit,Ford E-Transit,VÉ ,Classe 2B,Fourgon,10 000,Québec ,Canada
2023-01-11,Janvier 2023,2022-2023,2023,Québec ,H4R 1J7,Achat,2022,Ford,E-Transit,Ford E-Transit,VÉ ,Classe 2B,Fourgon,10 000,Québec ,Canada
2023-01-11,Janvier 2023,2022-2023,2023,Québec ,H4R 1J7,Achat,2022,Ford,E-Transit,Ford E-Transit,VÉ ,Classe 2B,Fourgon,10 000,Québec ,Canada
2023-01-11,Janvier 2023,2022-2023,2023,Québec ,H4R 1J7,Achat,2022,Ford,E-Transit,Ford E-Transit,VÉ ,Classe 2B,Fourgon,10 000,Québec ,Canada
2023-01-11,Janvier 2023,2022-2023,2023,Manitoba,R2V 2B8,Achat,2022,Ford,E-Transit,Ford E-Transit,VÉ ,Classe 2B,Fourgon,10 000,Manitoba,Canada
2023-01-12,Janvier 2023,2022-2023,2023,Ontario,L4A 2T1,Location,2023,Ford,E-Transit,Ford E-Transit,VÉ ,Classe 2B,Fourgon,10 000,Ontario,Canada
2023-01-13,Janvier 2023,2022-2023,2023,Colombie-Britannique ,V7P 3R8,Achat,2023,Ford,E-Transit,Ford E-Transit,VÉ ,Classe 2B,Fourgon,10 000,Colombie-Britannique ,Canada
2023-01-16,Janvier 2023,2022-2023,2023,Québec ,J4Y 1A1,Location,2023,Ford,E-Transit,Ford E-Transit,VÉ ,Classe 2B,Fourgon,10 000,Québec ,Canada
2023-01-17,Janvier 2023,2022-2023,2023,Québec ,H4P 1P7,Location,2022,Ford,E-Transit,Ford E-Transit,VÉ ,Classe 2B,Fourgon,10 000,Québec ,Canada
2023-01-17,Janvier 2023,2022-2023,2023,Québec ,J6X 4H6,Achat,2022,Ford,E-Transit,Ford E-Transit,VÉ ,Classe 2B,Fourgon,10 000,Québec ,Canada
2023-01-17,Janvier 2023,2022-2023,2023,Colombie-Britannique ,V3S 7R2,Achat,2023,Ford,E-Transit,Ford E-Transit,VÉ ,Classe 2B,Fourgon,10 000,Colombie-Britannique ,Canada
2023-01-17,Janvier 2023,2022-2023,2023,Colombie-Britannique ,V3B 1B2,Achat,2023,Ford,E-Transit,Ford E-Transit,VÉ ,Classe 2B,Fourgon,10 000,Colombie-Britannique ,Canada
2023-01-18,Janvier 2023,2022-2023,2023,Alberta,T7X 2Y3,Achat,2023,Ford,E-Transit,Ford E-Transit,VÉ ,Classe 2B,Fourgon,10 000,Alberta,Canada
2023-01-18,Janvier 2023,2022-2023,2023,Nouvelle-Écosse ,B0W 3M0,Achat,2022,Ford,E-Transit,Ford E-Transit,VÉ ,Classe 2B,Fourgon,10 000,Québec ,Canada
2023-01-18,Janvier 2023,2022-2023,2023,Colombie-Britannique ,V3R 4G6,Achat,2022,Ford,E-Transit,Ford E-Transit,VÉ ,Classe 2B,Fourgon,10 000,Colombie-Britannique ,Canada
2023-01-19,Janvier 2023,2022-2023,2023,Alberta,T1Y 1A2,Location,2022,Ford,E-Transit,Ford E-Transit,VÉ ,Classe 2B,Fourgon,10 000,Alberta,Canada
2023-01-19,Janvier 2023,2022-2023,2023,Alberta,T1Y 1A2,Location,2023,Ford,E-Transit,Ford E-Transit,VÉ ,Classe 2B,Fourgon,10 000,Alberta,Canada
2023-01-19,Janvier 2023,2022-2023,2023,Île-du-Prince-Édouard ,C1A 5P4,Achat,2023,Ford,E-Transit,Ford E-Transit,VÉ ,Classe 2B,Fourgon,10 000,Île-du-Prince-Édouard ,Canada
2023-01-20,Janvier 2023,2022-2023,2023,Québec ,H1R 1Z4,Location,2023,Ford,E-Transit,Ford E-Transit,VÉ ,Classe 2B,Fourgon,10 000,Colombie-Britannique ,Canada
2023-01-20,Janvier 2023,2022-2023,2023,Québec ,H1R 1Z4,Location,2023,Ford,E-Transit,Ford E-Transit,VÉ ,Classe 2B,Fourgon,10 000,Colombie-Britannique ,Canada
2023-01-23,Janvier 2023,2022-2023,2023,Nouveau-Brunswick ,E1C 8M7,Achat,2023,Ford,E-Transit,Ford E-Transit,VÉ ,Classe 2B,Fourgon,10 000,Nouveau-Brunswick ,Canada
2023-01-23,Janvier 2023,2022-2023,2023,Alberta,T6N 1C1,Achat,2022,Ford,E-Transit,Ford E-Transit,VÉ ,Classe 2B,Fourgon,10 000,Colombie-Britannique ,Canada
2023-01-24,Janvier 2023,2022-2023,2023,Nouveau-Brunswick ,E1C 8M7,Achat,2023,Ford,E-Transit,Ford E-Transit,VÉ ,Classe 2B,Fourgon,10 000,Nouveau-Brunswick ,Canada
2023-01-26,Janvier 2023,2022-2023,2023,Nouvelle-Écosse ,B1P 5T3,Achat,2022,Ford,E-Transit,Ford E-Transit,VÉ ,Classe 2B,Fourgon,10 000,Nouvelle-Écosse ,Canada
2023-01-26,Janvier 2023,2022-2023,2023,Colombie-Britannique ,V7P 3R8,Achat,2023,Ford,E-Transit,Ford E-Transit,VÉ ,Classe 2B,Fourgon,10 000,Colombie-Britannique ,Canada
2023-01-31,Janvier 2023,2022-2023,2023,Ontario,L2E 6C7,Achat,2023,Ford,E-Transit,Ford E-Transit,VÉ ,Classe 2B,Fourgon,10 000,Ontario,Canada
2023-01-31,Janvier 2023,2022-2023,2023,Québec ,J7Y 5G2,Achat,2022,Lion,Lion8P,Lion Lion8P,VÉ ,Classe 8,Camion ,100 000,Québec ,Canada
2023-01-31,Janvier 2023,2022-2023,2023,Québec ,J7Y 5G2,Achat,2022,Lion,Lion6,Lion Lion6,VÉ ,Classe 6,Camion ,100 000,Québec ,Canada
2023-01-31,Janvier 2023,2022-2023,2023,Québec ,J7Y 5G2,Achat,2022,Lion,Lion6,Lion Lion6,VÉ ,Classe 6,Camion ,100 000,Québec ,Canada
2023-01-31,Janvier 2023,2022-2023,2023,Ontario,L7N 2G2,Achat,2023,Ford,E-Transit,Ford E-Transit,VÉ ,Classe 2B,Fourgon,10 000,Ontario,Canada
2023-01-31,Janvier 2023,2022-2023,2023,Colombie-Britannique ,V7P 3R8,Achat,2023,Ford,E-Transit,Ford E-Transit,VÉ ,Classe 2B,Fourgon,10 000,Colombie-Britannique ,Canada
2023-02-01,Février 2023,2022-2023,2023,Colombie-Britannique ,V5C 3Z5,Location,2023,Ford,E-Transit,Ford E-Transit,VÉ ,Classe 2B,Fourgon,10 000,Colombie-Britannique ,Canada
2023-02-01,Février 2023,2022-2023,2023,Ontario,M1B 5V7,Achat,2023,Ford,E-Transit,Ford E-Transit,VÉ ,Classe 2B,Fourgon,10 000,Ontario,Canada
2023-02-01,Février 2023,2022-2023,2023,Colombie-Britannique ,V3B 1B2,Achat,2023,Ford,E-Transit,Ford E-Transit,VÉ ,Classe 2B,Fourgon,10 000,Colombie-Britannique ,Canada
2023-02-02,Février 2023,2022-2023,2023,Québec ,J7Y 5G2,Achat,2023,Lion,Lion6,Lion Lion6,VÉ ,Classe 6,Camion ,100 000,Québec ,Canada
2023-02-02,Février 2023,2022-2023,2023,Québec ,J7Y 5G2,Achat,2023,Lion,Lion6,Lion Lion6,VÉ ,Classe 6,Camion ,100 000,Québec ,Canada
2023-02-02,Février 2023,2022-2023,2023,Québec ,J0K 3C0,Achat,2023,Ford,E-Transit,Ford E-Transit,VÉ ,Classe 2B,Fourgon,10 000,Québec ,Canada
2023-02-02,Février 2023,2022-2023,2023,Québec ,H1R 1Z4,Location,2023,Ford,E-Transit,Ford E-Transit,VÉ ,Classe 2B,Fourgon,10 000,Québec ,Canada
2023-02-03,Février 2023,2022-2023,2023,Québec ,H1R 1Z4,Location,2022,Ford,E-Transit,Ford E-Transit,VÉ ,Classe 2B,Fourgon,10 000,Québec ,Canada
2023-02-07,Février 2023,2022-2023,2023,Québec ,J7Y 5G2,Achat,2022,Lion,Lion6,Lion Lion6,VÉ ,Classe 6,Camion ,100 000,Québec ,Canada
2023-02-07,Février 2023,2022-2023,2023,Nouvelle-Écosse ,B9A 3K4,Location,2023,Ford,E-Transit,Ford E-Transit,VÉ ,Classe 2B,Fourgon,10 000,Nouvelle-Écosse ,Canada
2023-02-07,Février 2023,2022-2023,2023,Colombie-Britannique ,V3S 7R2,Achat,2022,Ford,E-Transit,Ford E-Transit,VÉ ,Classe 2B,Fourgon,10 000,Colombie-Britannique ,Canada
2023-02-07,Février 2023,2022-2023,2023,Colombie-Britannique ,V3B 1B2,Achat,2023,Ford,E-Transit,Ford E-Transit,VÉ ,Classe 2B,Fourgon,10 000,Colombie-Britannique ,Canada
2023-02-08,Février 2023,2022-2023,2023,Colombie-Britannique ,V5B 2Z9,Achat,2022,Ford,E-Transit,Ford E-Transit,VÉ ,Classe 2B,Fourgon,10 000,Colombie-Britannique ,Canada
2023-02-09,Février 2023,2022-2023,2023,Québec ,J3N 1M2,Achat,2023,Ford,E-Transit,Ford E-Transit,VÉ ,Classe 2B,Fourgon,10 000,Québec ,Canada
2023-02-09,Février 2023,2022-2023,2023,Québec ,H1G 5W9,Achat,2022,Ford,E-Transit,Ford E-Transit,VÉ ,Classe 2B,Fourgon,10 000,Québec ,Canada
2023-02-09,Février 2023,2022-2023,2023,Québec ,H1G 5W9,Achat,2022,Ford,E-Transit,Ford E-Transit,VÉ ,Classe 2B,Fourgon,10 000,Québec ,Canada
2023-02-09,Février 2023,2022-2023,2023,Québec ,H1G 5W9,Achat,2022,Ford,E-Transit,Ford E-Transit,VÉ ,Classe 2B,Fourgon,10 000,Québec ,Canada
2023-02-09,Février 2023,2022-2023,2023,Québec ,H1G 5W9,Achat,2022,Ford,E-Transit,Ford E-Transit,VÉ ,Classe 2B,Fourgon,10 000,Québec ,Canada
2023-02-09,Février 2023,2022-2023,2023,Nouvelle-Écosse ,B3K 0A2,Achat,2023,Ford,E-Transit,Ford E-Transit,VÉ ,Classe 2B,Fourgon,10 000,Nouvelle-Écosse ,Canada
2023-02-09,Février 2023,2022-2023,2023,Québec ,H1G 5W9,Achat,2022,Ford,E-Transit,Ford E-Transit,VÉ ,Classe 2B,Fourgon,10 000,Québec ,Canada
2023-02-09,Février 2023,2022-2023,2023,Québec ,H1G 5W9,Achat,2022,Ford,E-Transit,Ford E-Transit,VÉ ,Classe 2B,Fourgon,10 000,Québec ,Canada
2023-02-09,Février 2023,2022-2023,2023,Québec ,H1G 5W9,Achat,2022,Ford,E-Transit,Ford E-Transit,VÉ ,Classe 2B,Fourgon,10 000,Québec ,Canada
2023-02-09,Février 2023,2022-2023,2023,Québec ,H1G 5W9,Achat,2022,Ford,E-Transit,Ford E-Transit,VÉ ,Classe 2B,Fourgon,10 000,Québec ,Canada
2023-02-09,Février 2023,2022-2023,2023,Québec ,H1G 5W9,Achat,2022,Ford,E-Transit,Ford E-Transit,VÉ ,Classe 2B,Fourgon,10 000,Québec ,Canada
2023-02-09,Février 2023,2022-2023,2023,Colombie-Britannique ,V7P 3R8,Achat,2023,Ford,E-Transit,Ford E-Transit,VÉ ,Classe 2B,Fourgon,10 000,Colombie-Britannique ,Canada
2023-02-09,Février 2023,2022-2023,2023,Colombie-Britannique ,V3B 1B2,Achat,2023,Ford,E-Transit,Ford E-Transit,VÉ ,Classe 2B,Fourgon,10 000,Colombie-Britannique ,Canada
2023-02-09,Février 2023,2022-2023,2023,Colombie-Britannique ,V7P 3R8,Achat,2023,Ford,E-Transit,Ford E-Transit,VÉ ,Classe 2B,Fourgon,10 000,Colombie-Britannique ,Canada
2023-02-10,Février 2023,2022-2023,2023,Québec ,G1M 3C8,Achat,2023,Ford,E-Transit,Ford E-Transit,VÉ ,Classe 2B,Fourgon,10 000,Québec ,Canada
2023-02-10,Février 2023,2022-2023,2023,Colombie-Britannique ,V7P 3R8,Achat,2023,Ford,E-Transit,Ford E-Transit,VÉ ,Classe 2B,Fourgon,10 000,Colombie-Britannique ,Canada
2023-02-10,Février 2023,2022-2023,2023,Colombie-Britannique ,V6V 2C1,Location,2022,Ford,E-Transit,Ford E-Transit,VÉ ,Classe 2B,Fourgon,10 000,Colombie-Britannique ,Canada
2023-02-13,Février 2023,2022-2023,2023,Colombie-Britannique ,V8Z 3L4,Achat,2023,Ford,E-Transit,Ford E-Transit,VÉ ,Classe 2B,Fourgon,10 000,Colombie-Britannique ,Canada
2023-02-13,Février 2023,2022-2023,2023,Ontario,K9V 4S5,Location,2022,Ford,E-Transit,Ford E-Transit,VÉ ,Classe 2B,Fourgon,10 000,Ontario,Canada
2023-02-13,Février 2023,2022-2023,2023,Colombie-Britannique ,V1M 0B8,Achat,2023,International,eMV Battery Electric Truck,International eMV Battery Electric Truck,VÉ ,Classe 7,Camion porteur ,100 000,Colombie-Britannique ,Canada
2023-02-13,Février 2023,2022-2023,2023,Ontario,N0L 1W0,Achat,2022,Ford,E-Transit,Ford E-Transit,VÉ ,Classe 2B,Fourgon,10 000,Ontario,Canada
2023-02-15,Février 2023,2022-2023,2023,Québec ,H1R 1Z4,Location,2022,Ford,E-Transit,Ford E-Transit,VÉ ,Classe 2B,Fourgon,10 000,Québec ,Canada
2023-02-15,Février 2023,2022-2023,2023,Ontario,N8M 2W4,Achat,2023,Ford,E-Transit,Ford E-Transit,VÉ ,Classe 2B,Fourgon,10 000,Ontario,Canada
2023-02-16,Février 2023,2022-2023,2023,Ontario,L9Y 1W5,Achat,2022,Ford,E-Transit,Ford E-Transit,VÉ ,Classe 2B,Fourgon,10 000,Ontario,Canada
2023-02-16,Février 2023,2022-2023,2023,Québec ,H1R 1Z4,Location,2023,Ford,E-Transit,Ford E-Transit,VÉ ,Classe 2B,Fourgon,10 000,Colombie-Britannique ,Canada
2023-02-17,Février 2023,2022-2023,2023,Ontario,L4N 9H7,Achat,2023,Ford,E-Transit,Ford E-Transit,VÉ ,Classe 2B,Fourgon,10 000,Ontario,Canada
2023-02-17,Février 2023,2022-2023,2023,Québec ,J9T 3A2,Achat,2023,Kenworth,T680E,Kenworth T680E,VÉ ,Classe 8,Tracteur ,150 000,Québec ,Canada
2023-02-21,Février 2023,2022-2023,2023,Ontario,L8H 5Y3,Achat,2022,Ford,E-Transit,Ford E-Transit,VÉ ,Classe 2B,Fourgon,10 000,Ontario,Canada
2023-02-21,Février 2023,2022-2023,2023,Québec ,J2W 2M4,Achat,2023,Ford,E-Transit,Ford E-Transit,VÉ ,Classe 2B,Fourgon,10 000,Québec ,Canada
2023-02-21,Février 2023,2022-2023,2023,Québec ,J2W 2M4,Achat,2022,Ford,E-Transit,Ford E-Transit,VÉ ,Classe 2B,Fourgon,10 000,Québec ,Canada
2023-02-22,Février 2023,2022-2023,2023,Ontario,N5C 2P6,Achat,2022,Lightning eMotors,ZEV3 Passenger Van Series,Lightning eMotors ZEV3 Passenger Van Series,VÉ ,Classe 3,Fourgonette ,40 000,Québec ,Canada
2023-02-22,Février 2023,2022-2023,2023,Ontario,N5C 2P6,Achat,2022,Lightning eMotors,ZEV3 Passenger Van Series,Lightning eMotors ZEV3 Passenger Van Series,VÉ ,Classe 3,Fourgonette ,40 000,Québec ,Canada
2023-02-23,Février 2023,2022-2023,2023,Colombie-Britannique ,V2T 5M1,Achat,2023,Ford,E-Transit,Ford E-Transit,VÉ ,Classe 2B,Fourgon,10 000,Colombie-Britannique ,Canada
2023-02-24,Février 2023,2022-2023,2023,Ontario,N0M 1S3,Achat,2023,Ford,E-Transit,Ford E-Transit,VÉ ,Classe 2B,Fourgon,10 000,Ontario,Canada
2023-02-24,Février 2023,2022-2023,2023,Québec ,G6V 6C7,Achat,2022,Ford,E-Transit,Ford E-Transit,VÉ ,Classe 2B,Fourgon,10 000,Québec ,Canada
2023-02-24,Février 2023,2022-2023,2023,Québec ,J8Z 1S8,Achat,2023,Ford,E-Transit,Ford E-Transit,VÉ ,Classe 2B,Fourgon,10 000,Québec ,Canada
2023-02-24,Février 2023,2022-2023,2023,Alberta,T3N 2G7,Achat,2023,Ford,E-Transit,Ford E-Transit,VÉ ,Classe 2B,Fourgon,10 000,Alberta,Canada
2023-02-27,Février 2023,2022-2023,2023,Québec ,J2J 0M2,Achat,2022,Ford,E-Transit,Ford E-Transit,VÉ ,Classe 2B,Fourgon,10 000,Québec ,Canada
2023-02-27,Février 2023,2022-2023,2023,Québec ,J2J 0M2,Achat,2023,Ford,E-Transit,Ford E-Transit,VÉ ,Classe 2B,Fourgon,10 000,Québec ,Canada
2023-02-28,Février 2023,2022-2023,2023,Colombie-Britannique ,V5B 2Z9,Location,2023,Ford,E-Transit,Ford E-Transit,VÉ ,Classe 2B,Fourgon,10 000,Colombie-Britannique ,Canada
2023-02-28,Février 2023,2022-2023,2023,Nouvelle-Écosse ,B6L 1Z3,Achat,2024,Freightliner,eCascadia,Freightliner eCascadia,VÉ ,Classe 8,Tracteur ,150 000,Ontario,Canada
2023-02-28,Février 2023,2022-2023,2023,Nouvelle-Écosse ,B6L 1Z3,Achat,2024,Freightliner,eCascadia,Freightliner eCascadia,VÉ ,Classe 8,Tracteur ,150 000,Ontario,Canada
2023-02-28,Février 2023,2022-2023,2023,Manitoba,R3G 3H1,Achat,2022,Ford,E-Transit,Ford E-Transit,VÉ ,Classe 2B,Fourgon,10 000,Manitoba,Canada
2023-02-28,Février 2023,2022-2023,2023,Ontario,N0L 1W0,Achat,2023,Ford,E-Transit,Ford E-Transit,VÉ ,Classe 2B,Fourgon,10 000,Ontario,Canada
2023-03-01,Mars 2023,2022-2023,2023,Ontario,N8W 5W2,Location,2023,Ford,E-Transit,Ford E-Transit,VÉ ,Classe 2B,Fourgon,10 000,Ontario,Canada
2023-03-02,Mars 2023,2022-2023,2023,Ontario,N2G 4G1,Achat,2023,Ford,E-Transit,Ford E-Transit,VÉ ,Classe 2B,Fourgon,10 000,Ontario,Canada
2023-03-02,Mars 2023,2022-2023,2023,Québec ,H4R 1J7,Location,2023,Ford,E-Transit,Ford E-Transit,VÉ ,Classe 2B,Fourgon,10 000,Québec ,Canada
2023-03-07,Mars 2023,2022-2023,2023,Québec ,J2K 0H9,Achat,2022,Ford,E-Transit,Ford E-Transit,VÉ ,Classe 2B,Fourgon,10 000,Québec ,Canada
2023-03-07,Mars 2023,2022-2023,2023,Québec ,J2K 0H9,Achat,2022,Ford,E-Transit,Ford E-Transit,VÉ ,Classe 2B,Fourgon,10 000,Québec ,Canada
2023-03-07,Mars 2023,2022-2023,2023,Québec ,J2K 0H9,Achat,2022,Ford,E-Transit,Ford E-Transit,VÉ ,Classe 2B,Fourgon,10 000,Québec ,Canada
2023-03-07,Mars 2023,2022-2023,2023,Québec ,J2K 0H9,Achat,2022,Ford,E-Transit,Ford E-Transit,VÉ ,Classe 2B,Fourgon,10 000,Québec ,Canada
2023-03-07,Mars 2023,2022-2023,2023,Québec ,J2K 0H9,Achat,2022,Ford,E-Transit,Ford E-Transit,VÉ ,Classe 2B,Fourgon,10 000,Québec ,Canada
2023-03-07,Mars 2023,2022-2023,2023,Québec ,J2K 0H9,Achat,2022,Ford,E-Transit,Ford E-Transit,VÉ ,Classe 2B,Fourgon,10 000,Québec ,Canada
2023-03-07,Mars 2023,2022-2023,2023,Québec ,J2K 0H9,Achat,2022,Ford,E-Transit,Ford E-Transit,VÉ ,Classe 2B,Fourgon,10 000,Québec ,Canada
2023-03-07,Mars 2023,2022-2023,2023,Québec ,J2K 0H9,Achat,2022,Ford,E-Transit,Ford E-Transit,VÉ ,Classe 2B,Fourgon,10 000,Québec ,Canada
2023-03-07,Mars 2023,2022-2023,2023,Alberta,T7V 1N1,Achat,2023,Ford,E-Transit,Ford E-Transit,VÉ ,Classe 2B,Fourgon,10 000,Alberta,Canada
2023-03-08,Mars 2023,2022-2023,2023,Ontario,M5J 2T9,Achat,2022,OrangeEV,e-TRIEVER,OrangeEV e-TRIEVER,VÉ ,Classe 8,Camion de manoeuvre ,100 000,Ontario,Canada
2023-03-08,Mars 2023,2022-2023,2023,Ontario,M5J 2T9,Achat,2022,OrangeEV,e-TRIEVER,OrangeEV e-TRIEVER,VÉ ,Classe 8,Camion de manoeuvre ,100 000,Ontario,Canada
2023-03-08,Mars 2023,2022-2023,2023,Québec ,H7G 4W6,Location,2023,Ford,E-Transit,Ford E-Transit,VÉ ,Classe 2B,Fourgon,10 000,Québec ,Canada
2023-03-09,Mars 2023,2022-2023,2023,Colombie-Britannique ,V2T 1X6,Location,2023,Ford,E-Transit,Ford E-Transit,VÉ ,Classe 2B,Fourgon,10 000,Colombie-Britannique ,Canada
2023-03-09,Mars 2023,2022-2023,2023,Colombie-Britannique ,V7P 3R8,Achat,2023,Ford,E-Transit,Ford E-Transit,VÉ ,Classe 2B,Fourgon,10 000,Colombie-Britannique ,Canada
2023-03-09,Mars 2023,2022-2023,2023,Colombie-Britannique ,V3R 4G6,Achat,2022,Ford,E-Transit,Ford E-Transit,VÉ ,Classe 2B,Fourgon,10 000,Colombie-Britannique ,Canada
2023-03-10,Mars 2023,2022-2023,2023,Ontario,L9W 2Z7,Achat,2023,Ford,E-Transit,Ford E-Transit,VÉ ,Classe 2B,Fourgon,10 000,Ontario,Canada
2023-03-10,Mars 2023,2022-2023,2023,Ontario,L7R 2J5,Achat,2023,Ford,E-Transit,Ford E-Transit,VÉ ,Classe 2B,Fourgon,10 000,Ontario,Canada
2023-03-13,Mars 2023,2022-2023,2023,Ontario,N0M 1S3,Achat,2023,Ford,E-Transit,Ford E-Transit,VÉ ,Classe 2B,Fourgon,10 000,Ontario,Canada
2023-03-13,Mars 2023,2022-2023,2023,Québec ,G0S 3J0,Achat,2023,Ford,E-Transit,Ford E-Transit,VÉ ,Classe 2B,Fourgon,10 000,Québec ,Canada
2023-03-13,Mars 2023,2022-2023,2023,Québec ,G0S 3J0,Achat,2022,Ford,E-Transit,Ford E-Transit,VÉ ,Classe 2B,Fourgon,10 000,Québec ,Canada
2023-03-14,Mars 2023,2022-2023,2023,Ontario,L8H 5Y3,Achat,2023,Ford,E-Transit,Ford E-Transit,VÉ ,Classe 2B,Fourgon,10 000,Ontario,Canada
2023-03-15,Mars 2023,2022-2023,2023,Ontario,M1B 5V7,Location,2023,Ford,E-Transit,Ford E-Transit,VÉ ,Classe 2B,Fourgon,7 500,Ontario,Canada
2023-03-16,Mars 2023,2022-2023,2023,Québec ,H7G 4W6,Location,2023,Ford,E-Transit,Ford E-Transit,VÉ ,Classe 2B,Fourgon,10 000,Québec ,Canada
2023-03-17,Mars 2023,2022-2023,2023,Québec ,J3N 1M2,Location,2023,Ford,E-Transit,Ford E-Transit,VÉ ,Classe 2B,Fourgon,10 000,Québec ,Canada
2023-03-17,Mars 2023,2022-2023,2023,Yukon,Y1A 1J6,Achat,2023,Ford,E-Transit,Ford E-Transit,VÉ ,Classe 2B,Fourgon,10 000,Yukon,Canada
2023-03-21,Mars 2023,2022-2023,2023,Ontario,L9B 1B9,Achat,2023,Ford,E-Transit,Ford E-Transit,VÉ ,Classe 2B,Fourgon,10 000,Ontario,Canada
2023-03-21,Mars 2023,2022-2023,2023,Colombie-Britannique ,V3R 4G6,Location,2022,Ford,E-Transit,Ford E-Transit,VÉ ,Classe 2B,Fourgon,10 000,Colombie-Britannique ,Canada
2023-03-21,Mars 2023,2022-2023,2023,Alberta,T1J 4P8,Achat,2023,Ford,E-Transit,Ford E-Transit,VÉ ,Classe 2B,Fourgon,10 000,Alberta,Canada
2023-03-21,Mars 2023,2022-2023,2023,Saskatchewan,S4X 4P7,Achat,2022,Ford,E-Transit,Ford E-Transit,VÉ ,Classe 2B,Fourgon,10 000,Saskatchewan,Canada
2023-03-22,Mars 2023,2022-2023,2023,Colombie-Britannique ,V4P 1A2,Achat,2023,Ford,E-Transit,Ford E-Transit,VÉ ,Classe 2B,Fourgon,10 000,Colombie-Britannique ,Canada
2023-03-23,Mars 2023,2022-2023,2023,Colombie-Britannique ,V9T 2H1,Achat,2023,Ford,E-Transit,Ford E-Transit,VÉ ,Classe 2B,Fourgon,10 000,Colombie-Britannique ,Canada
2023-03-24,Mars 2023,2022-2023,2023,Alberta,T7X 2Y3,Achat,2023,Ford,E-Transit,Ford E-Transit,VÉ ,Classe 2B,Fourgon tronqué ,10 000,Alberta,Canada
2023-03-27,Mars 2023,2022-2023,2023,Québec ,H1M 2X3,Achat,2023,Ford,E-Transit,Ford E-Transit,VÉ ,Classe 2B,Fourgon,10 000,Québec ,Canada
2023-03-27,Mars 2023,2022-2023,2023,Ontario,L6J 5E4,Achat,2022,Ford,E-Transit,Ford E-Transit,VÉ ,Classe 2B,Fourgon,10 000,Québec ,Canada
2023-03-27,Mars 2023,2022-2023,2023,Colombie-Britannique ,V5B 2Z9,Achat,2023,Ford,E-Transit,Ford E-Transit,VÉ ,Classe 2B,Fourgon,10 000,Colombie-Britannique ,Canada
2023-03-27,Mars 2023,2022-2023,2023,Ontario,N6J 2N4,Achat,2023,Ford,E-Transit,Ford E-Transit,VÉ ,Classe 2B,Fourgon,10 000,Ontario,Canada
2023-03-27,Mars 2023,2022-2023,2023,Ontario,N6J 2N4,Achat,2023,Ford,E-Transit,Ford E-Transit,VÉ ,Classe 2B,Fourgon,10 000,Ontario,Canada
2023-03-28,Mars 2023,2022-2023,2023,Québec ,G1X 4S6,Location,2022,Ford,E-Transit,Ford E-Transit,VÉ ,Classe 2B,Fourgon,10 000,Québec ,Canada
2023-03-28,Mars 2023,2022-2023,2023,Ontario,L4J 1V8,Achat,2023,Ford,E-Transit,Ford E-Transit,VÉ ,Classe 2B,Fourgon,10 000,Ontario,Canada
2023-03-28,Mars 2023,2022-2023,2023,Colombie-Britannique ,V3B 1B2,Location,2023,Ford,E-Transit,Ford E-Transit,VÉ ,Classe 2B,Fourgon,10 000,Colombie-Britannique ,Canada
2023-03-28,Mars 2023,2022-2023,2023,Colombie-Britannique ,V3S 7R2,Achat,2022,Ford,E-Transit,Ford E-Transit,VÉ ,Classe 2B,Fourgon,10 000,Ontario,Canada
2023-03-29,Mars 2023,2022-2023,2023,Ontario,K2B 6R7,Achat,2023,Ford,E-Transit,Ford E-Transit,VÉ ,Classe 2B,Fourgon,10 000,Ontario,Canada
2023-03-29,Mars 2023,2022-2023,2023,Québec ,J7Y 5G2,Achat,2023,Lion,Lion6,Lion Lion6,VÉ ,Classe 6,Camion ,100 000,Québec ,Canada
2023-03-29,Mars 2023,2022-2023,2023,Alberta,T7A 0A5,Location,2023,Ford,E-Transit,Ford E-Transit,VÉ ,Classe 2B,Fourgon,10 000,Alberta,Canada
2023-03-31,Mars 2023,2022-2023,2023,Ontario,L6V 1C2,Location,2023,Ford,E-Transit,Ford E-Transit,VÉ ,Classe 2B,Fourgon,10 000,Ontario,Canada
2023-03-31,Mars 2023,2022-2023,2023,Ontario,L6V 1C2,Location,2023,Ford,E-Transit,Ford E-Transit,VÉ ,Classe 2B,Fourgon,10 000,Ontario,Canada
2023-03-31,Mars 2023,2022-2023,2023,Québec ,J9L 3G5,Achat,2023,Ford,E-Transit,Ford E-Transit,VÉ ,Classe 2B,Fourgon,10 000,Québec ,Canada
