,,,,,,,,
New Table 02,"Occupational distribution of employees in the federal jurisdiction by gender, employer size and industry, December 2015",,,,,,,
Size of the company,"Industry
",Occupation,Number of employees,,,,,
,,,Male,Quality indicator,Female,Quality indicator,Total,Quality indicator
,,,SUM,,SUM,,SUM,
All sizes,All industries,All occupations,"554,100",A,"341,000",A,"895,100",A
,,Senior managers,"20,082",B,"5,991",B,"26,073",B
,,Middle and other managers,"49,711",A,"32,148",A,"81,859",A
,,Supervisors,"25,907",B,"21,844",B,"47,750",B
,,Professionals,"83,714",B,"65,710",A,"149,425",A
,,Technical / Trades,"95,283",B,"21,084",B,"116,370",B
,,"Marketing, sales and services","39,211",A,"68,979",A,"108,194",A
,,Clerical / Administrative,"47,609",B,"77,309",A,"124,880",A
,,Truck and bus drivers / Manual labourer with no trade certification,"132,988",A,"12,019",B,"145,001",B
,,Other Occupations,"59,592",C,"35,913",C,"95,502",C
,Air transportation,All occupations,"76,700",C,"29,100",C,"105,800",C
,,Senior managers,"1,921",B,468,B,"2,389",B
,,Middle and other managers,"5,905",D,"1,465",B,"7,369",D
,,Supervisors,"2,869",C,752,C,"3,621",C
,,Professionals,"5,598",C,"3,088",F,"8,685",C
,,Technical / Trades,"13,013",B,"2,391",E,"15,404",B
,,"Marketing, sales and services","1,268",C,"1,542",D,"2,810",C
,,Clerical / Administrative,"12,492",F,"6,541",D,"19,035",F
,,Truck and bus drivers / Manual labourer with no trade certification,"5,847",C,"1,124",C,"6,970",C
,,Other Occupations,"27,789",F,"11,747",E,"39,536",F
,Rail transportation,All occupations,"49,200",E,"11,500",D,"60,700",E
,,Senior managers,X,X,X,X,426,E
,,Middle and other managers,"2,324",E,431,E,"2,756",E
,,Supervisors,"4,040",E,"3,673",E,"7,714",E
,,Professionals,"3,801",E,935,E,"4,735",E
,,Technical / Trades,X,X,X,X,"30,269",E
,,"Marketing, sales and services",X,X,X,X,X,X
,,Clerical / Administrative,X,X,X,X,"2,998",E
,,Truck and bus drivers / Manual labourer with no trade certification,"9,317",E,X,X,X,X
,,Other Occupations,X,X,X,X,X,X
,Road transportation,All occupations,"117,900",A,"21,600",B,"139,400",A
,,Senior managers,"7,676",C,"1,150",F,"8,825",C
,,Middle and other managers,"3,405",C,"1,831",E,"5,235",C
,,Supervisors,"3,186",C,"1,090",C,"4,276",B
,,Professionals,731,D,298,C,"1,028",D
,,Technical / Trades,"6,668",B,196,C,"6,864",B
,,"Marketing, sales and services","1,341",C,642,D,"1,983",C
,,Clerical / Administrative,"5,902",B,"10,663",B,"16,524",B
,,Truck and bus drivers / Manual labourer with no trade certification,"79,691",A,"4,021",B,"83,708",A
,,Other Occupations,"9,263",D,"1,740",E,"11,003",D
,Maritime transportation,All occupations,"12,900",B,"4,100",D,"17,100",C
,,Senior managers,519,B,143,C,661,B
,,Middle and other managers,"1,157",C,424,E,"1,580",C
,,Supervisors,594,B,123,D,715,B
,,Professionals,515,C,240,C,754,C
,,Technical / Trades,"4,208",D,810,F,"5,019",E
,,"Marketing, sales and services",X,X,X,X,X,X
,,Clerical / Administrative,X,X,X,X,"1,955",D
,,Truck and bus drivers / Manual labourer with no trade certification,"1,909",B,X,X,X,X
,,Other Occupations,"3,113",D,624,F,"3,737",D
,Postal and pipelines,All occupations,"77,100",D,"48,500",E,"125,500",D
,,Senior managers,"2,248",E,"1,066",E,"3,314",E
,,Middle and other managers,"7,388",E,"3,697",F,"11,084",E
,,Supervisors,"5,928",E,"3,817",F,"9,745",E
,,Professionals,"12,330",E,X,X,X,X
,,Technical / Trades,X,X,X,X,X,X
,,"Marketing, sales and services",259,C,X,X,X,X
,,Clerical / Administrative,"2,755",D,"6,627",D,"9,382",D
,,Truck and bus drivers / Manual labourer with no trade certification,"26,879",D,"5,157",D,"32,035",D
,,Other Occupations,X,X,X,X,X,X
,Banks,All occupations,"101,800",A,"151,400",A,"253,400",A
,,Senior managers,"4,226",A,"2,024",A,"6,251",A
,,Middle and other managers,"19,181",A,"17,957",A,"37,140",A
,,Supervisors,"5,199",A,"10,108",A,"15,307",A
,,Professionals,"33,442",A,"33,847",A,"67,291",A
,,Technical / Trades,"2,668",A,"2,584",A,"5,253",A
,,"Marketing, sales and services","18,116",A,"46,806",A,"64,923",A
,,Clerical / Administrative,"18,851",A,"37,868",A,"56,721",A
,,Truck and bus drivers / Manual labourer with no trade certification,0,,X,X,X,X
,,Other Occupations,166,B,X,X,X,X
,"Feed, flour, seed and grain",All occupations,"13,500",C,"4,000",C,"17,500",C
,,Senior managers,467,C,80,B,547,B
,,Middle and other managers,796,C,277,D,"1,073",C
,,Supervisors,"1,059",D,236,D,"1,295",D
,,Professionals,427,D,X,X,X,X
,,Technical / Trades,"1,010",D,X,X,X,X
,,"Marketing, sales and services","1,396",D,696,D,"2,092",D
,,Clerical / Administrative,514,E,"1,396",C,"1,910",C
,,Truck and bus drivers / Manual labourer with no trade certification,"7,351",C,695,D,"8,047",C
,,Other Occupations,445,E,X,X,X,X
,Telecommunications and broadcasting,All occupations,"89,600",C,"56,400",C,"146,000",C
,,Senior managers,"1,608",B,577,B,"2,184",B
,,Middle and other managers,"7,389",C,"4,590",C,"11,978",C
,,Supervisors,"2,647",C,"1,734",C,"4,382",C
,,Professionals,"22,867",C,"13,827",C,"36,693",C
,,Technical / Trades,"31,028",C,"7,406",D,"38,433",C
,,"Marketing, sales and services","12,472",C,"14,622",C,"27,095",C
,,Clerical / Administrative,"3,907",B,"8,755",B,"12,661",B
,,Truck and bus drivers / Manual labourer with no trade certification,"1,138",E,117,C,"1,255",E
,,Other Occupations,"6,535",B,"4,788",B,"11,320",B
,Other,All occupations,"15,400",B,"14,300",B,"29,700",B
,,Senior managers,X,X,X,X,"1,476",B
,,Middle and other managers,"2,167",C,"1,477",C,"3,644",C
,,Supervisors,384,C,310,C,694,C
,,Professionals,"4,004",B,"3,528",B,"7,533",B
,,Technical / Trades,"1,931",B,"1,043",C,"2,976",B
,,"Marketing, sales and services","3,399",E,"3,406",E,"6,805",E
,,Clerical / Administrative,639,C,"3,055",C,"3,694",C
,,Truck and bus drivers / Manual labourer with no trade certification,855,E,223,E,"1,078",E
,,Other Occupations,X,X,X,X,"1,760",D
1 to 9 employees,All industries,All occupations,"24,000",B,"6,700",C,"30,700",B
,,Senior managers,"5,592",D,795,F,"6,386",D
,,Middle and other managers,473,F,"1,115",F,"1,587",E
,,Supervisors,327,E,203,F,530,F
,,Professionals,385,D,201,F,587,D
,,Technical / Trades,"2,003",F,102,E,"2,104",E
,,"Marketing, sales and services",269,D,242,C,511,C
,,Clerical / Administrative,"1,491",F,"3,163",D,"4,613",D
,,Truck and bus drivers / Manual labourer with no trade certification,"11,233",D,629,F,"11,860",D
,,Other Occupations,"2,274",E,298,C,"2,572",E
,Air transportation,All occupations,"1,200",A,500,B,"1,700",A
,,Senior managers,290,B,74,C,363,B
,,Middle and other managers,80,C,57,D,137,B
,,Supervisors,58,C,13,F,71,C
,,Professionals,X,X,X,X,X,X
,,Technical / Trades,348,B,21,E,369,B
,,"Marketing, sales and services",X,X,X,X,29,E
,,Clerical / Administrative,X,X,X,X,241,B
,,Truck and bus drivers / Manual labourer with no trade certification,X,X,X,X,191,C
,,Other Occupations,X,X,X,X,X,X
,Rail transportation,All occupations,...,,...,,...,
,,Senior managers,...,,...,,...,
,,Middle and other managers,...,,...,,...,
,,Supervisors,...,,...,,...,
,,Professionals,...,,...,,...,
,,Technical / Trades,...,,...,,...,
,,"Marketing, sales and services",...,,...,,...,
,,Clerical / Administrative,...,,...,,...,
,,Truck and bus drivers / Manual labourer with no trade certification,...,,...,,...,
,,Other Occupations,...,,...,,...,
,Road transportation,All occupations,"19,700",C,"4,500",D,"24,100",C
,,Senior managers,"4,659",E,X,X,X,X
,,Middle and other managers,X,X,X,X,X,X
,,Supervisors,X,X,X,X,X,X
,,Professionals,X,X,0,,X,X
,,Technical / Trades,X,X,0,,X,X
,,"Marketing, sales and services",X,X,0,,X,X
,,Clerical / Administrative,"1,253",F,"2,470",E,"3,680",E
,,Truck and bus drivers / Manual labourer with no trade certification,X,X,X,X,"10,976",D
,,Other Occupations,X,X,X,X,X,X
,Maritime transportation,All occupations,400,B,200,B,600,B
,,Senior managers,84,B,24,D,108,B
,,Middle and other managers,29,D,22,D,51,C
,,Supervisors,X,X,X,X,36,C
,,Professionals,10,E,0,,10,E
,,Technical / Trades,40,D,X,X,X,X
,,"Marketing, sales and services",X,X,X,X,33,E
,,Clerical / Administrative,20,D,55,C,75,C
,,Truck and bus drivers / Manual labourer with no trade certification,105,C,X,X,X,X
,,Other Occupations,X,X,X,X,X,X
,Postal and pipelines,All occupations,500,B,300,B,900,A
,,Senior managers,101,B,51,C,152,B
,,Middle and other managers,38,C,15,E,53,C
,,Supervisors,12,E,14,E,26,C
,,Professionals,X,X,X,X,X,X
,,Technical / Trades,X,X,X,X,X,X
,,"Marketing, sales and services",X,X,X,X,X,X
,,Clerical / Administrative,X,X,X,X,175,B
,,Truck and bus drivers / Manual labourer with no trade certification,X,X,X,X,X,X
,,Other Occupations,X,X,X,X,X,X
,Banks,All occupations,X,X,X,X,100,C
,,Senior managers,X,X,5,D,X,X
,,Middle and other managers,X,X,X,X,X,X
,,Supervisors,0,,0,,0,
,,Professionals,X,X,X,X,X,X
,,Technical / Trades,0,,0,,0,
,,"Marketing, sales and services",X,X,X,X,X,X
,,Clerical / Administrative,X,X,X,X,19,C
,,Truck and bus drivers / Manual labourer with no trade certification,0,,X,X,X,X
,,Other Occupations,X,X,X,X,X,X
,"Feed, flour, seed and grain",All occupations,X,X,X,X,X,X
,,Senior managers,X,X,X,X,X,X
,,Middle and other managers,14,D,3,F,17,C
,,Supervisors,4,E,0,,4,E
,,Professionals,X,X,X,X,X,X
,,Technical / Trades,X,X,X,X,17,D
,,"Marketing, sales and services",X,X,X,X,X,X
,,Clerical / Administrative,X,X,X,X,X,X
,,Truck and bus drivers / Manual labourer with no trade certification,X,X,X,X,X,X
,,Other Occupations,X,X,X,X,X,X
,Telecommunications and broadcasting,All occupations,"1,200",A,700,A,"1,900",A
,,Senior managers,235,B,77,C,311,B
,,Middle and other managers,100,C,87,C,187,B
,,Supervisors,X,X,X,X,X,X
,,Professionals,80,D,21,D,102,C
,,Technical / Trades,319,B,46,C,364,B
,,"Marketing, sales and services",X,X,X,X,211,B
,,Clerical / Administrative,65,D,186,B,251,B
,,Truck and bus drivers / Manual labourer with no trade certification,X,X,X,X,X,X
,,Other Occupations,160,C,128,C,288,B
,Other,All occupations,X,X,X,X,X,X
,,Senior managers,X,X,X,X,X,X
,,Middle and other managers,X,X,X,X,X,X
,,Supervisors,X,X,X,X,X,X
,,Professionals,X,X,X,X,X,X
,,Technical / Trades,X,X,X,X,X,X
,,"Marketing, sales and services",0,,0,,0,
,,Clerical / Administrative,X,X,X,X,X,X
,,Truck and bus drivers / Manual labourer with no trade certification,X,X,X,X,X,X
,,Other Occupations,X,X,X,X,X,X
10 to 14 employees,All industries,All occupations,"10,200",E,"3,200",D,"13,400",E
,,Senior managers,"1,093",F,249,F,"1,341",F
,,Middle and other managers,682,F,231,F,913,F
,,Supervisors,546,F,89,F,634,F
,,Professionals,186,C,74,F,260,C
,,Technical / Trades,617,C,84,F,701,C
,,"Marketing, sales and services",206,F,202,F,408,E
,,Clerical / Administrative,675,F,"1,156",F,"1,830",F
,,Truck and bus drivers / Manual labourer with no trade certification,"3,772",E,319,F,"4,087",E
,,Other Occupations,"2,439",F,777,F,"3,216",F
,Air transportation,All occupations,X,X,X,X,X,X
,,Senior managers,92,B,27,C,119,B
,,Middle and other managers,68,B,34,C,101,B
,,Supervisors,103,B,12,E,114,B
,,Professionals,97,C,9,D,105,C
,,Technical / Trades,229,B,14,C,243,B
,,"Marketing, sales and services",X,X,X,X,X,X
,,Clerical / Administrative,39,C,126,C,165,C
,,Truck and bus drivers / Manual labourer with no trade certification,X,X,X,X,143,C
,,Other Occupations,X,X,X,X,X,X
,Rail transportation,All occupations,X,X,0,,X,X
,,Senior managers,0,,0,,0,
,,Middle and other managers,0,,0,,0,
,,Supervisors,0,,0,,0,
,,Professionals,0,,0,,0,
,,Technical / Trades,0,,0,,0,
,,"Marketing, sales and services",0,,0,,0,
,,Clerical / Administrative,0,,0,,0,
,,Truck and bus drivers / Manual labourer with no trade certification,X,X,0,,X,X
,,Other Occupations,0,,0,,0,
,Road transportation,All occupations,"7,600",F,"2,000",F,"9,600",F
,,Senior managers,X,X,X,X,X,X
,,Middle and other managers,X,X,X,X,X,X
,,Supervisors,X,X,X,X,X,X
,,Professionals,0,,0,,0,
,,Technical / Trades,X,X,0,,X,X
,,"Marketing, sales and services",X,X,X,X,X,X
,,Clerical / Administrative,X,X,X,X,X,X
,,Truck and bus drivers / Manual labourer with no trade certification,X,X,X,X,X,X
,,Other Occupations,X,X,X,X,X,X
,Maritime transportation,All occupations,X,X,X,X,400,B
,,Senior managers,48,C,12,D,60,C
,,Middle and other managers,21,D,9,E,30,D
,,Supervisors,X,X,X,X,24,E
,,Professionals,X,X,X,X,X,X
,,Technical / Trades,26,E,7,F,33,E
,,"Marketing, sales and services",X,X,0,,X,X
,,Clerical / Administrative,X,X,X,X,58,D
,,Truck and bus drivers / Manual labourer with no trade certification,65,D,X,X,X,X
,,Other Occupations,X,X,X,X,69,D
,Postal and pipelines,All occupations,X,X,X,X,X,X
,,Senior managers,22,E,X,X,X,X
,,Middle and other managers,X,X,X,X,19,F
,,Supervisors,X,X,X,X,6,E
,,Professionals,X,X,0,,X,X
,,Technical / Trades,X,X,X,X,X,X
,,"Marketing, sales and services",X,X,X,X,X,X
,,Clerical / Administrative,X,X,15,E,X,X
,,Truck and bus drivers / Manual labourer with no trade certification,101,D,X,X,X,X
,,Other Occupations,X,X,X,X,X,X
,Banks,All occupations,X,X,X,X,X,X
,,Senior managers,X,X,X,X,X,X
,,Middle and other managers,X,X,0,,X,X
,,Supervisors,X,X,X,X,X,X
,,Professionals,X,X,X,X,X,X
,,Technical / Trades,0,,0,,0,
,,"Marketing, sales and services",X,X,X,X,X,X
,,Clerical / Administrative,0,,X,X,X,X
,,Truck and bus drivers / Manual labourer with no trade certification,0,,0,,0,
,,Other Occupations,0,,0,,0,
,"Feed, flour, seed and grain",All occupations,X,X,X,X,X,X
,,Senior managers,X,X,4,E,X,X
,,Middle and other managers,X,X,X,X,X,X
,,Supervisors,X,X,X,X,X,X
,,Professionals,X,X,X,X,5,E
,,Technical / Trades,X,X,X,X,X,X
,,"Marketing, sales and services",X,X,X,X,X,X
,,Clerical / Administrative,X,X,X,X,X,X
,,Truck and bus drivers / Manual labourer with no trade certification,X,X,X,X,X,X
,,Other Occupations,0,,0,,0,
,Telecommunications and broadcasting,All occupations,600,B,400,B,"1,000",A
,,Senior managers,77,B,41,B,118,B
,,Middle and other managers,57,B,48,B,105,B
,,Supervisors,28,B,23,C,51,B
,,Professionals,30,C,X,X,X,X
,,Technical / Trades,X,X,X,X,X,X
,,"Marketing, sales and services",X,X,X,X,X,X
,,Clerical / Administrative,40,C,99,B,139,B
,,Truck and bus drivers / Manual labourer with no trade certification,X,X,X,X,X,X
,,Other Occupations,X,X,X,X,166,B
,Other,All occupations,X,X,X,X,X,X
,,Senior managers,X,X,X,X,X,X
,,Middle and other managers,X,X,X,X,X,X
,,Supervisors,X,X,X,X,X,X
,,Professionals,X,X,X,X,X,X
,,Technical / Trades,X,X,X,X,X,X
,,"Marketing, sales and services",0,,X,X,X,X
,,Clerical / Administrative,0,,X,X,X,X
,,Truck and bus drivers / Manual labourer with no trade certification,X,X,0,,X,X
,,Other Occupations,0,,X,X,X,X
15 to 49 employees,All industries,All occupations,"30,700",B,"6,800",A,"37,600",B
,,Senior managers,"1,949",A,545,B,"2,494",A
,,Middle and other managers,"1,738",B,697,B,"2,434",B
,,Supervisors,"1,277",B,448,B,"1,724",B
,,Professionals,"1,129",C,256,C,"1,386",C
,,Technical / Trades,"3,204",A,414,C,"3,618",A
,,"Marketing, sales and services",876,D,620,D,"1,496",D
,,Clerical / Administrative,"1,217",C,"2,461",A,"3,678",B
,,Truck and bus drivers / Manual labourer with no trade certification,"16,915",B,702,C,"17,618",B
,,Other Occupations,"2,430",B,703,B,"3,132",B
,Air transportation,All occupations,"4,000",A,"1,100",A,"5,100",A
,,Senior managers,335,A,97,B,432,A
,,Middle and other managers,302,A,126,B,428,A
,,Supervisors,266,B,65,C,330,B
,,Professionals,440,B,32,C,473,B
,,Technical / Trades,"1,275",B,94,D,"1,369",B
,,"Marketing, sales and services",X,X,X,X,213,C
,,Clerical / Administrative,176,B,377,B,553,B
,,Truck and bus drivers / Manual labourer with no trade certification,X,X,X,X,603,B
,,Other Occupations,550,B,136,C,686,B
,Rail transportation,All occupations,X,X,X,X,X,X
,,Senior managers,X,X,0,,X,X
,,Middle and other managers,0,,X,X,X,X
,,Supervisors,X,X,0,,X,X
,,Professionals,X,X,0,,X,X
,,Technical / Trades,X,X,0,,X,X
,,"Marketing, sales and services",X,X,0,,X,X
,,Clerical / Administrative,0,,X,X,X,X
,,Truck and bus drivers / Manual labourer with no trade certification,X,X,0,,X,X
,,Other Occupations,X,X,X,X,X,X
,Road transportation,All occupations,"19,400",B,"2,500",B,"21,900",B
,,Senior managers,922,B,229,D,"1,151",B
,,Middle and other managers,X,X,X,X,X,X
,,Supervisors,X,X,X,X,X,X
,,Professionals,X,X,X,X,X,X
,,Technical / Trades,X,X,13,C,X,X
,,"Marketing, sales and services",X,X,X,X,X,X
,,Clerical / Administrative,709,D,"1,081",B,"1,790",C
,,Truck and bus drivers / Manual labourer with no trade certification,X,X,X,X,X,X
,,Other Occupations,X,X,X,X,876,D
,Maritime transportation,All occupations,"1,400",B,300,B,"1,700",B
,,Senior managers,107,B,27,C,133,B
,,Middle and other managers,X,X,X,X,155,C
,,Supervisors,80,C,22,D,101,C
,,Professionals,64,E,11,E,75,D
,,Technical / Trades,243,C,22,D,265,C
,,"Marketing, sales and services",X,X,23,E,X,X
,,Clerical / Administrative,X,X,X,X,173,C
,,Truck and bus drivers / Manual labourer with no trade certification,364,C,20,E,385,C
,,Other Occupations,X,X,X,X,X,X
,Postal and pipelines,All occupations,600,B,200,C,800,B
,,Senior managers,37,C,15,D,52,C
,,Middle and other managers,X,X,X,X,59,C
,,Supervisors,X,X,X,X,61,C
,,Professionals,X,X,X,X,X,X
,,Technical / Trades,X,X,X,X,87,E
,,"Marketing, sales and services",X,X,X,X,X,X
,,Clerical / Administrative,X,X,X,X,X,X
,,Truck and bus drivers / Manual labourer with no trade certification,273,C,X,X,X,X
,,Other Occupations,X,X,X,X,X,X
,Banks,All occupations,X,X,X,X,X,X
,,Senior managers,61,C,16,C,77,C
,,Middle and other managers,X,X,X,X,X,X
,,Supervisors,X,X,X,X,X,X
,,Professionals,X,X,23,D,X,X
,,Technical / Trades,X,X,0,,X,X
,,"Marketing, sales and services",X,X,X,X,X,X
,,Clerical / Administrative,X,X,X,X,131,C
,,Truck and bus drivers / Manual labourer with no trade certification,0,,0,,0,
,,Other Occupations,X,X,X,X,X,X
,"Feed, flour, seed and grain",All occupations,"1,500",C,400,D,"2,000",D
,,Senior managers,81,D,X,X,X,X
,,Middle and other managers,92,D,83,F,175,E
,,Supervisors,95,D,12,D,107,D
,,Professionals,14,E,X,X,X,X
,,Technical / Trades,X,X,X,X,X,X
,,"Marketing, sales and services",138,E,X,X,X,X
,,Clerical / Administrative,45,D,180,D,226,D
,,Truck and bus drivers / Manual labourer with no trade certification,X,X,X,X,"1,018",D
,,Other Occupations,X,X,X,X,X,X
,Telecommunications and broadcasting,All occupations,"2,900",A,"1,600",A,"4,500",A
,,Senior managers,290,A,87,B,378,A
,,Middle and other managers,269,A,108,B,377,A
,,Supervisors,159,A,93,A,253,A
,,Professionals,X,X,X,X,233,B
,,Technical / Trades,714,A,124,B,839,A
,,"Marketing, sales and services",342,B,308,B,651,A
,,Clerical / Administrative,181,B,450,A,631,A
,,Truck and bus drivers / Manual labourer with no trade certification,X,X,X,X,206,C
,,Other Occupations,622,B,329,B,949,B
,Other,All occupations,600,D,500,D,"1,100",D
,,Senior managers,X,X,X,X,X,X
,,Middle and other managers,X,X,X,X,X,X
,,Supervisors,54,F,34,E,88,E
,,Professionals,X,X,X,X,X,X
,,Technical / Trades,137,E,X,X,X,X
,,"Marketing, sales and services",X,X,X,X,X,X
,,Clerical / Administrative,4,F,88,E,92,E
,,Truck and bus drivers / Manual labourer with no trade certification,X,X,X,X,X,X
,,Other Occupations,X,X,X,X,X,X
50 to 99 employees,All industries,All occupations,"28,500",B,"6,600",A,"35,200",A
,,Senior managers,"1,170",B,316,B,"1,486",A
,,Middle and other managers,"1,334",B,542,B,"1,876",A
,,Supervisors,"1,183",B,399,B,"1,582",B
,,Professionals,"1,249",B,513,B,"1,762",B
,,Technical / Trades,"2,768",A,417,C,"3,184",A
,,"Marketing, sales and services",833,B,558,B,"1,390",B
,,Clerical / Administrative,"1,134",B,"2,609",B,"3,743",B
,,Truck and bus drivers / Manual labourer with no trade certification,"15,858",B,688,B,"16,546",B
,,Other Occupations,"3,001",C,588,B,"3,589",C
,Air transportation,All occupations,"2,900",B,600,B,"3,600",B
,,Senior managers,139,B,30,C,169,B
,,Middle and other managers,215,B,62,C,277,B
,,Supervisors,207,C,32,C,238,C
,,Professionals,X,X,X,X,436,C
,,Technical / Trades,X,X,X,X,X,X
,,"Marketing, sales and services",X,X,20,E,X,X
,,Clerical / Administrative,X,X,X,X,X,X
,,Truck and bus drivers / Manual labourer with no trade certification,X,X,X,X,546,C
,,Other Occupations,X,X,X,X,568,D
,Rail transportation,All occupations,X,X,X,X,300,E
,,Senior managers,X,X,X,X,X,X
,,Middle and other managers,X,X,X,X,X,X
,,Supervisors,X,X,X,X,X,X
,,Professionals,X,X,0,,X,X
,,Technical / Trades,X,X,X,X,X,X
,,"Marketing, sales and services",0,,0,,0,
,,Clerical / Administrative,X,X,X,X,X,X
,,Truck and bus drivers / Manual labourer with no trade certification,X,X,X,X,X,X
,,Other Occupations,X,X,X,X,X,X
,Road transportation,All occupations,"17,600",B,"2,400",B,"20,000",B
,,Senior managers,X,X,X,X,666,B
,,Middle and other managers,468,C,167,C,636,C
,,Supervisors,468,C,150,E,617,C
,,Professionals,X,X,X,X,X,X
,,Technical / Trades,848,B,24,C,873,B
,,"Marketing, sales and services",132,D,X,X,X,X
,,Clerical / Administrative,612,C,"1,307",C,"1,919",C
,,Truck and bus drivers / Manual labourer with no trade certification,"13,125",B,482,B,"13,607",B
,,Other Occupations,X,X,X,X,X,X
,Maritime transportation,All occupations,"1,800",B,300,D,"2,000",B
,,Senior managers,57,C,9,E,66,C
,,Middle and other managers,140,C,35,E,175,C
,,Supervisors,166,D,17,F,183,D
,,Professionals,X,X,X,X,X,X
,,Technical / Trades,X,X,X,X,X,X
,,"Marketing, sales and services",X,X,X,X,X,X
,,Clerical / Administrative,69,D,114,D,184,C
,,Truck and bus drivers / Manual labourer with no trade certification,549,D,X,X,X,X
,,Other Occupations,429,D,23,E,453,D
,Postal and pipelines,All occupations,X,X,X,X,700,D
,,Senior managers,27,D,X,X,X,X
,,Middle and other managers,X,X,X,X,44,D
,,Supervisors,27,D,11,E,38,D
,,Professionals,X,X,X,X,X,X
,,Technical / Trades,X,X,X,X,X,X
,,"Marketing, sales and services",X,X,X,X,X,X
,,Clerical / Administrative,X,X,X,X,90,D
,,Truck and bus drivers / Manual labourer with no trade certification,X,X,X,X,349,D
,,Other Occupations,X,X,X,X,X,X
,Banks,All occupations,300,C,400,C,700,C
,,Senior managers,48,C,X,X,X,X
,,Middle and other managers,65,C,52,C,117,C
,,Supervisors,11,D,22,E,34,E
,,Professionals,X,X,X,X,138,D
,,Technical / Trades,X,X,9,F,X,X
,,"Marketing, sales and services",X,X,X,X,X,X
,,Clerical / Administrative,X,X,X,X,X,X
,,Truck and bus drivers / Manual labourer with no trade certification,0,,0,,0,
,,Other Occupations,X,X,X,X,X,X
,"Feed, flour, seed and grain",All occupations,"1,800",C,400,C,"2,200",C
,,Senior managers,79,C,X,X,X,X
,,Middle and other managers,X,X,30,C,X,X
,,Supervisors,X,X,23,D,X,X
,,Professionals,54,D,X,X,X,X
,,Technical / Trades,X,X,X,X,X,X
,,"Marketing, sales and services",X,X,X,X,X,X
,,Clerical / Administrative,X,X,X,X,211,C
,,Truck and bus drivers / Manual labourer with no trade certification,"1,166",C,76,C,"1,243",C
,,Other Occupations,X,X,X,X,X,X
,Telecommunications and broadcasting,All occupations,"2,300",B,"1,400",B,"3,700",B
,,Senior managers,145,B,54,B,199,B
,,Middle and other managers,165,B,90,B,255,B
,,Supervisors,110,B,55,B,165,B
,,Professionals,196,C,111,C,306,C
,,Technical / Trades,587,B,134,C,720,B
,,"Marketing, sales and services",461,B,328,B,788,B
,,Clerical / Administrative,203,C,418,B,620,C
,,Truck and bus drivers / Manual labourer with no trade certification,31,E,7,E,38,D
,,Other Occupations,415,B,207,C,621,B
,Other,All occupations,"1,100",D,900,C,"2,000",C
,,Senior managers,131,D,X,X,X,X
,,Middle and other managers,128,D,80,D,208,D
,,Supervisors,X,X,X,X,169,E
,,Professionals,288,D,210,D,499,D
,,Technical / Trades,X,X,X,X,310,E
,,"Marketing, sales and services",X,X,X,X,81,E
,,Clerical / Administrative,15,F,188,D,203,D
,,Truck and bus drivers / Manual labourer with no trade certification,X,X,X,X,X,X
,,Other Occupations,X,X,X,X,X,X
100 or more employees,All industries,All occupations,"460,600",A,"317,600",A,"778,200",A
,,Senior managers,"10,278",B,"4,086",B,"14,365",B
,,Middle and other managers,"45,484",A,"29,562",A,"75,048",A
,,Supervisors,"22,574",B,"20,706",B,"43,280",B
,,Professionals,"80,766",B,"64,666",A,"145,430",A
,,Technical / Trades,"86,691",B,"20,068",B,"106,763",B
,,"Marketing, sales and services","37,028",A,"67,357",A,"104,389",A
,,Clerical / Administrative,"43,092",C,"67,920",A,"111,015",B
,,Truck and bus drivers / Manual labourer with no trade certification,"85,210",B,"9,682",C,"94,891",B
,,Other Occupations,"49,448",D,"33,547",D,"82,994",C
,Air transportation,All occupations,X,X,X,X,X,X
,,Senior managers,"1,065",B,240,C,"1,305",B
,,Middle and other managers,"5,240",E,"1,186",C,"6,426",D
,,Supervisors,"2,237",D,631,C,"2,867",C
,,Professionals,X,X,X,X,X,X
,,Technical / Trades,X,X,X,X,X,X
,,"Marketing, sales and services",X,X,X,X,X,X
,,Clerical / Administrative,X,X,X,X,X,X
,,Truck and bus drivers / Manual labourer with no trade certification,X,X,X,X,"5,488",C
,,Other Occupations,X,X,X,X,X,X
,Rail transportation,All occupations,X,X,X,X,X,X
,,Senior managers,X,X,X,X,X,X
,,Middle and other managers,X,X,X,X,"2,720",E
,,Supervisors,X,X,X,X,"7,685",E
,,Professionals,X,X,935,E,X,X
,,Technical / Trades,X,X,X,X,X,X
,,"Marketing, sales and services",X,X,X,X,X,X
,,Clerical / Administrative,X,X,X,X,X,X
,,Truck and bus drivers / Manual labourer with no trade certification,"9,117",E,X,X,X,X
,,Other Occupations,X,X,X,X,X,X
,Road transportation,All occupations,"53,500",B,"10,300",B,"63,800",B
,,Senior managers,802,B,166,B,968,B
,,Middle and other managers,"1,472",B,542,B,"2,014",B
,,Supervisors,X,X,X,X,"2,278",B
,,Professionals,X,X,259,C,X,X
,,Technical / Trades,X,X,159,C,X,X
,,"Marketing, sales and services",X,X,X,X,X,X
,,Clerical / Administrative,X,X,X,X,X,X
,,Truck and bus drivers / Manual labourer with no trade certification,X,X,X,X,X,X
,,Other Occupations,X,X,X,X,X,X
,Maritime transportation,All occupations,X,X,X,X,"12,400",C
,,Senior managers,223,D,70,D,294,D
,,Middle and other managers,X,X,X,X,"1,169",D
,,Supervisors,X,X,X,X,371,C
,,Professionals,289,C,167,D,455,C
,,Technical / Trades,X,X,X,X,"4,485",E
,,"Marketing, sales and services",X,X,X,X,X,X
,,Clerical / Administrative,X,X,X,X,"1,465",E
,,Truck and bus drivers / Manual labourer with no trade certification,826,D,X,X,X,X
,,Other Occupations,X,X,X,X,X,X
,Postal and pipelines,All occupations,X,X,X,X,X,X
,,Senior managers,"2,061",E,987,F,"3,048",F
,,Middle and other managers,"7,276",E,"3,633",F,"10,909",E
,,Supervisors,X,X,X,X,"9,615",E
,,Professionals,"12,296",E,X,X,X,X
,,Technical / Trades,X,X,X,X,X,X
,,"Marketing, sales and services",X,X,X,X,X,X
,,Clerical / Administrative,X,X,X,X,"9,015",D
,,Truck and bus drivers / Manual labourer with no trade certification,X,X,X,X,X,X
,,Other Occupations,X,X,X,X,X,X
,Banks,All occupations,X,X,"150,800",A,X,X
,,Senior managers,"4,113",A,"1,990",A,"6,103",A
,,Middle and other managers,"19,053",A,X,X,X,X
,,Supervisors,X,X,X,X,X,X
,,Professionals,X,X,X,X,X,X
,,Technical / Trades,"2,657",A,"2,575",A,"5,233",A
,,"Marketing, sales and services",X,X,X,X,X,X
,,Clerical / Administrative,X,X,X,X,X,X
,,Truck and bus drivers / Manual labourer with no trade certification,0,,X,X,X,X
,,Other Occupations,X,X,X,X,X,X
,"Feed, flour, seed and grain",All occupations,"9,200",D,"3,000",D,"12,200",D
,,Senior managers,218,D,X,X,X,X
,,Middle and other managers,586,D,X,X,X,X
,,Supervisors,839,E,X,X,X,X
,,Professionals,X,X,X,X,X,X
,,Technical / Trades,X,X,X,X,X,X
,,"Marketing, sales and services",X,X,X,X,X,X
,,Clerical / Administrative,X,X,942,D,X,X
,,Truck and bus drivers / Manual labourer with no trade certification,"4,647",D,531,E,"5,178",D
,,Other Occupations,X,X,X,X,X,X
,Telecommunications and broadcasting,All occupations,"82,600",C,"52,300",C,"134,900",C
,,Senior managers,860,B,317,B,"1,177",B
,,Middle and other managers,"6,798",C,"4,257",C,"11,054",C
,,Supervisors,X,X,X,X,X,X
,,Professionals,X,X,X,X,X,X
,,Technical / Trades,X,X,X,X,X,X
,,"Marketing, sales and services",X,X,X,X,X,X
,,Clerical / Administrative,"3,417",C,"7,603",C,"11,020",C
,,Truck and bus drivers / Manual labourer with no trade certification,X,X,62,D,X,X
,,Other Occupations,X,X,X,X,"9,295",C
,Other,All occupations,"13,100",C,X,X,X,X
,,Senior managers,X,X,X,X,X,X
,,Middle and other managers,"1,919",C,X,X,X,X
,,Supervisors,X,X,X,X,375,C
,,Professionals,X,X,X,X,X,X
,,Technical / Trades,X,X,X,X,X,X
,,"Marketing, sales and services",X,X,X,X,"6,677",E
,,Clerical / Administrative,X,X,X,X,X,X
,,Truck and bus drivers / Manual labourer with no trade certification,772,E,X,X,X,X
,,Other Occupations,X,X,X,X,X,X
,,,,,,,,
,,,,,,,,
"Note:
",,,,,,,,
Totals and sub-totals have been rounded to the nearest hundredth.,,,,,,,,
Components may not add up to the totals as a result of the rounding.,,,,,,,,
,,,,,,,,
Reliability Indicators,,,,,,,,
Coefficient of variation (CV),,,Standard error (SE),,,,,
,,,,,,,,
A = 0.00% - 5.00%   excellent,,,A = 0.00% - 2.50%   excellent,,,,,
B = 5.01% - 10.00%    very Good,,,B = 2.51% - 5.00%    very Good,,,,,
C = 10.01% - 15.00%  good,,,C = 5.01% - 7.50%  good,,,,,
D = 15.01% - 20.00%  acceptable,,,D = 7.51% - 10.00%  acceptable,,,,,
E = 20.01 - 25.00%  use with caution,,,E = 10.01% - 12.50%  use with caution,,,,,
F = Greater than 25.00%   too unreliable to be published,,,F = 12.51% or more  too unreliable to be published,,,,,
,,,,,,,,
Symbols:                      ,,,,,,,,
 … not applicable,,,,,,,,
x  suppressed to meet the confidentiality requirements of the Statistics Act ,,,,,,,,
,,,,,,,,
Source:  ,"Federal Jurisdiction Workplace Survey, 2015",,,,,,,
